,Specialty,Program,Link suffix,City,State
0,Internal Medicine - Preliminary Track,USA Health Program,/Program/GetById/1278,Mobile,AL
1,Internal Medicine - Preliminary Track,Zucker School of Medicine at Hofstra/Northwell Program,/Program/GetById/1790,New Hyde Park,NY
2,Internal Medicine - Preliminary Track,Montefiore Medical Center/Albert Einstein College of Medicine (Wakefield Campus) Program,/Program/GetById/1792,Bronx,NY
3,Internal Medicine - Preliminary Track,Montefiore Medical Center/Albert Einstein College of Medicine (Moses and Weiler Campuses) Program,/Program/GetById/1794,Bronx,NY
4,Internal Medicine - Preliminary Track,NYU Grossman School of Medicine Program,/Program/GetById/1796,New York,NY
5,Internal Medicine - Preliminary Track,Icahn School of Medicine at Mount Sinai (Morningside/West) Program,/Program/GetById/1798,New York,NY
6,Internal Medicine - Preliminary Track,SUNY Downstate Health Sciences University Program,/Program/GetById/1800,Brooklyn,NY
7,Internal Medicine - Preliminary Track,Stony Brook Medicine/University Hospital Program,/Program/GetById/1802,Stony Brook,NY
8,Internal Medicine - Preliminary Track,SUNY Upstate Medical University Program,/Program/GetById/1804,Syracuse,NY
9,Internal Medicine - Preliminary Track,Zucker School of Medicine at Hofstra/Northwell at Forest Hills Hospital Program,/Program/GetById/1806,Forest Hills,NY
10,Internal Medicine - Preliminary Track,Lincoln Medical and Mental Health Center Program,/Program/GetById/1808,Bronx,NY
11,Internal Medicine - Preliminary Track,Woodhull Medical and Mental Health Center Program,/Program/GetById/1809,Brooklyn,NY
12,Internal Medicine - Preliminary Track,Icahn School of Medicine at Mount Sinai (NYC Health and Hospitals: Queens) Program,/Program/GetById/1811,Jamaica,NY
13,Internal Medicine - Preliminary Track,Albany Medical Center Program,/Program/GetById/1814,Albany,NY
14,Internal Medicine - Preliminary Track,University at Buffalo Program,/Program/GetById/1816,Buffalo,NY
15,Internal Medicine - Preliminary Track,Nassau University Medical Center Program,/Program/GetById/1787,East Meadow,NY
16,Internal Medicine - Preliminary Track,United Health Services Hospitals Program,/Program/GetById/1817,Johnson City,NY
17,Internal Medicine - Preliminary Track,New York Medical College (Metropolitan) Program,/Program/GetById/1821,New York,NY
18,Internal Medicine - Preliminary Track,Icahn School of Medicine at Mount Sinai (Bronx) Program,/Program/GetById/1824,Bronx,NY
19,Internal Medicine - Preliminary Track,Jacobi Medical Center/Albert Einstein College of Medicine Program,/Program/GetById/1826,Bronx,NY
20,Internal Medicine - Preliminary Track,Rochester Regional Health/Unity Hospital (Rochester) Program,/Program/GetById/1828,Rochester,NY
21,Internal Medicine - Preliminary Track,Carolinas Medical Center Program,/Program/GetById/1836,Charlotte,NC
22,Internal Medicine - Preliminary Track,Cone Health Program,/Program/GetById/1838,Greensboro,NC
23,Internal Medicine - Preliminary Track,Vidant Medical Center/East Carolina University Program,/Program/GetById/1840,Greenville,NC
24,Internal Medicine - Preliminary Track,New Hanover Regional Medical Center Program,/Program/GetById/1842,Wilmington,NC
25,Internal Medicine - Preliminary Track,University of North Carolina Hospitals Program,/Program/GetById/1844,Chapel Hill,NC
26,Internal Medicine - Preliminary Track,Duke University Hospital Program,/Program/GetById/1846,Durham,NC
27,Internal Medicine - Preliminary Track,Wake Forest University School of Medicine Program,/Program/GetById/1848,Winston-Salem,NC
28,Internal Medicine - Preliminary Track,Summa Health System/NEOMED Program,/Program/GetById/1863,Akron,OH
29,Internal Medicine - Preliminary Track,Akron General Medical Center/NEOMED Program,/Program/GetById/1865,Akron,OH
30,Internal Medicine - Preliminary Track,Christ Hospital Program,/Program/GetById/1867,Cincinnati,OH
31,Internal Medicine - Preliminary Track,Icahn School of Medicine at Mount Sinai (Mount Sinai Hospital) Program,/Program/GetById/1819,New York,NY
32,Internal Medicine - Preliminary Track,Jewish Hospital of Cincinnati Program,/Program/GetById/1869,Cincinnati,OH
33,Internal Medicine - Preliminary Track,University at Buffalo (Catholic Health System--Sisters of Charity) Program,/Program/GetById/1785,Buffalo,NY
34,Internal Medicine - Preliminary Track,University of Rochester Program,/Program/GetById/1780,Rochester,NY
35,Internal Medicine - Preliminary Track,University of Nevada Reno School of Medicine Program,/Program/GetById/1691,Reno,NV
36,Internal Medicine - Preliminary Track,University of Nevada Las Vegas (UNLV) School of Medicine Program,/Program/GetById/1693,Las Vegas,NV
37,Internal Medicine - Preliminary Track,Dartmouth-Hitchcock/Mary Hitchcock Memorial Hospital Program,/Program/GetById/1696,Lebanon,NH
38,Internal Medicine - Preliminary Track,Hackensack University Medical Center (Mountainside) Program,/Program/GetById/1708,Montclair,NJ
39,Internal Medicine - Preliminary Track,Atlantic Health (Morristown) Program,/Program/GetById/1710,Morristown,NJ
40,Internal Medicine - Preliminary Track,Atlantic Health (Overlook) Program,/Program/GetById/1712,Summit,NJ
41,Internal Medicine - Preliminary Track,Jersey Shore University Medical Center Program,/Program/GetById/1714,Neptune,NJ
42,Internal Medicine - Preliminary Track,Rutgers Health/St Barnabas Medical Center Program,/Program/GetById/1716,Livingston,NJ
43,Internal Medicine - Preliminary Track,Cooper Medical School of Rowan University/Cooper University Hospital Program,/Program/GetById/1719,Camden,NJ
44,Internal Medicine - Preliminary Track,Hackensack University Medical Center/Englewood Hospital and Medical Center Program,/Program/GetById/1721,Englewood,NJ
45,Internal Medicine - Preliminary Track,Rutgers Health/New Jersey Medical School Program,/Program/GetById/1724,Newark,NJ
46,Internal Medicine - Preliminary Track,Rutgers Health/Robert Wood Johnson Medical School Program,/Program/GetById/1726,New Brunswick,NJ
47,Internal Medicine - Preliminary Track,Rutgers Health/Newark Beth Israel Medical Center Program,/Program/GetById/1731,Newark,NJ
48,Internal Medicine - Preliminary Track,Saint Peter's University Hospital/Rutgers Robert Wood Johnson Medical School Program,/Program/GetById/1734,New Brunswick,NJ
49,Internal Medicine - Preliminary Track,Westchester Medical Center Program,/Program/GetById/1782,Valhalla,NY
50,Internal Medicine - Preliminary Track,AtlantiCare Regional Medical Center Program,/Program/GetById/1736,Atlantic City,NJ
51,Internal Medicine - Preliminary Track,Zucker School of Medicine at Hofstra/Northwell at Mather Hospital Program,/Program/GetById/1742,Port Jefferson,NY
52,Internal Medicine - Preliminary Track,St. John's Riverside Hospital Program,/Program/GetById/1745,Yonkers,NY
53,Internal Medicine - Preliminary Track,Bassett Medical Center Program,/Program/GetById/1753,Cooperstown,NY
54,Internal Medicine - Preliminary Track,NYU Long Island School of Medicine Program,/Program/GetById/1755,Mineola,NY
55,Internal Medicine - Preliminary Track,Montefiore Medical Center/Albert Einstein College of Medicine (New Rochelle) Program,/Program/GetById/1757,New Rochelle,NY
56,Internal Medicine - Preliminary Track,Icahn School of Medicine at Mount Sinai (Beth Israel) Program,/Program/GetById/1759,New York,NY
57,Internal Medicine - Preliminary Track,New York-Presbyterian/Queens Program,/Program/GetById/1761,Flushing,NY
58,Internal Medicine - Preliminary Track,Icahn School of Medicine at Mount Sinai (NYC Health and Hospitals: Elmhurst) Program,/Program/GetById/1763,Elmhurst,NY
59,Internal Medicine - Preliminary Track,Flushing Hospital Medical Center Program,/Program/GetById/1766,Flushing,NY
60,Internal Medicine - Preliminary Track,Zucker School of Medicine at Hofstra/Northwell at Lenox Hill Hospital Program,/Program/GetById/1769,New York,NY
61,Internal Medicine - Preliminary Track,Maimonides Medical Center Program,/Program/GetById/1771,Brooklyn,NY
62,Internal Medicine - Preliminary Track,New York-Presbyterian Brooklyn Methodist Hospital Program,/Program/GetById/1773,Brooklyn,NY
63,Internal Medicine - Preliminary Track,Richmond University Medical Center Program,/Program/GetById/1776,Staten Island,NY
64,Internal Medicine - Preliminary Track,Zucker School of Medicine at Hofstra/Northwell at Staten Island University Hospital Program,/Program/GetById/1778,Staten Island,NY
65,Internal Medicine - Preliminary Track,University of New Mexico School of Medicine Program,/Program/GetById/1739,Albuquerque,NM
66,Internal Medicine - Preliminary Track,The MetroHealth System/Case Western Reserve University Program,/Program/GetById/1871,Cleveland,OH
67,Internal Medicine - Preliminary Track,St Vincent Charity Medical Center Program,/Program/GetById/1873,Cleveland,OH
68,Internal Medicine - Preliminary Track,Ohio State University Hospital Program,/Program/GetById/1875,Columbus,OH
69,Internal Medicine - Preliminary Track,Prisma Health/University of South Carolina SOM Columbia (Columbia) Program,/Program/GetById/1982,Columbia,SC
70,Internal Medicine - Preliminary Track,University of South Dakota Program,/Program/GetById/1984,Sioux Falls,SD
71,Internal Medicine - Preliminary Track,Meharry Medical College Program,/Program/GetById/1989,Nashville,TN
72,Internal Medicine - Preliminary Track,East Tennessee State University/Quillen College of Medicine Program,/Program/GetById/1991,Johnson City,TN
73,Internal Medicine - Preliminary Track,University of Tennessee Program,/Program/GetById/1993,Memphis,TN
74,Internal Medicine - Preliminary Track,University of Tennessee (Nashville) Program,/Program/GetById/1995,Nashville,TN
75,Internal Medicine - Preliminary Track,Vanderbilt University Medical Center Program,/Program/GetById/1997,Nashville,TN
76,Internal Medicine - Preliminary Track,University of Texas RGV (DHR) Program,/Program/GetById/2000,Edinburg,TX
77,Internal Medicine - Preliminary Track,HCA Medical City Weatherford Program,/Program/GetById/2005,Weatherford,TX
78,Internal Medicine - Preliminary Track,Texas Health Resources Program,/Program/GetById/2015,Dallas,TX
79,Internal Medicine - Preliminary Track,University of Texas at Austin Dell Medical School Program,/Program/GetById/2019,Austin,TX
80,Internal Medicine - Preliminary Track,University of Texas Southwestern Medical Center Program,/Program/GetById/2023,Dallas,TX
81,Internal Medicine - Preliminary Track,University of Texas Medical Branch Hospitals Program,/Program/GetById/2025,Galveston,TX
82,Internal Medicine - Preliminary Track,Baylor College of Medicine Program,/Program/GetById/2027,Houston,TX
83,Internal Medicine - Preliminary Track,Medical University of South Carolina Program,/Program/GetById/1980,Charleston,SC
84,Internal Medicine - Preliminary Track,University of Texas Health Science Center San Antonio Joe and Teresa Lozano Long School of Medicine Program,/Program/GetById/2029,San Antonio,TX
85,Internal Medicine - Preliminary Track,Texas Tech University Health Sciences Center at Lubbock Program,/Program/GetById/2033,Lubbock,TX
86,Internal Medicine - Preliminary Track,Baylor University Medical Center Program,/Program/GetById/2038,Dallas,TX
87,Internal Medicine - Preliminary Track,University of Texas Health Science Center at Houston Program,/Program/GetById/2040,Houston,TX
88,Internal Medicine - Preliminary Track,University of Utah Health Program,/Program/GetById/2042,Salt Lake City,UT
89,Internal Medicine - Preliminary Track,University of Vermont Medical Center Program,/Program/GetById/2044,Burlington,VT
90,Internal Medicine - Preliminary Track,University of Virginia Medical Center Program,/Program/GetById/2051,Charlottesville,VA
91,Internal Medicine - Preliminary Track,Eastern Virginia Medical School Program,/Program/GetById/2053,Norfolk,VA
92,Internal Medicine - Preliminary Track,Virginia Commonwealth University Health System Program,/Program/GetById/2055,Richmond,VA
93,Internal Medicine - Preliminary Track,Carilion Clinic-Virginia Tech Carilion School of Medicine Program,/Program/GetById/2057,Roanoke,VA
94,Internal Medicine - Preliminary Track,"Elson S Floyd College of Medicine, Washington State University Program",/Program/GetById/2061,Everett,WA
95,Internal Medicine - Preliminary Track,Virginia Mason Medical Center Program,/Program/GetById/2063,Seattle,WA
96,Internal Medicine - Preliminary Track,University of Washington Program,/Program/GetById/2065,Seattle,WA
97,Internal Medicine - Preliminary Track,Charleston Area Medical Center/West Virginia University (Charleston Division) Program,/Program/GetById/2069,Charleston,WV
98,Internal Medicine - Preliminary Track,Marshall University School of Medicine Program,/Program/GetById/2072,Huntington,WV
99,Internal Medicine - Preliminary Track,Texas A&M College of Medicine-Scott and White Medical Center (Temple) Program,/Program/GetById/2031,Temple,TX
100,Internal Medicine - Preliminary Track,Prisma Health/University of South Carolina SOM Greenville (Greenville) Program,/Program/GetById/1978,Greenville,SC
101,Internal Medicine - Preliminary Track,Roger Williams Medical Center Program,/Program/GetById/1974,Providence,RI
102,Internal Medicine - Preliminary Track,Brown University Program,/Program/GetById/1972,Providence,RI
103,Internal Medicine - Preliminary Track,Cleveland Clinic Foundation Program,/Program/GetById/1878,Cleveland,OH
104,Internal Medicine - Preliminary Track,OhioHealth/Riverside Methodist Hospital Program,/Program/GetById/1881,Columbus,OH
105,Internal Medicine - Preliminary Track,University of Cincinnati Medical Center/College of Medicine Program,/Program/GetById/1885,Cincinnati,OH
106,Internal Medicine - Preliminary Track,Case Western Reserve University/University Hospitals Cleveland Medical Center Program,/Program/GetById/1887,Cleveland,OH
107,Internal Medicine - Preliminary Track,Cleveland Clinic Foundation/Fairview Hospital Program,/Program/GetById/1889,Cleveland,OH
108,Internal Medicine - Preliminary Track,University of Toledo Program,/Program/GetById/1893,Toledo,OH
109,Internal Medicine - Preliminary Track,Western Reserve Health Education/NEOMED Program,/Program/GetById/1896,Warren,OH
110,Internal Medicine - Preliminary Track,Oklahoma State University Center for Health Sciences Program,/Program/GetById/1898,Tulsa,OK
111,Internal Medicine - Preliminary Track,University of Oklahoma Health Sciences Center Program,/Program/GetById/1901,Oklahoma City,OK
112,Internal Medicine - Preliminary Track,University of Oklahoma School of Community Medicine (Tulsa) Program,/Program/GetById/1903,Tulsa,OK
113,Internal Medicine - Preliminary Track,Samaritan Health Services - Corvallis Program,/Program/GetById/1905,Corvallis,OR
114,Internal Medicine - Preliminary Track,Legacy Health/Emanuel Medical Center Program,/Program/GetById/1908,Portland,OR
115,Internal Medicine - Preliminary Track,Providence Health & Services - Oregon/Providence Medical Center Program,/Program/GetById/1910,Portland,OR
116,Internal Medicine - Preliminary Track,Providence Health & Services - Oregon/St Vincent Hospital and Medical Center Program,/Program/GetById/1912,Portland,OR
117,Internal Medicine - Preliminary Track,Oregon Health & Science University Program,/Program/GetById/1914,Portland,OR
118,Internal Medicine - Preliminary Track,Philadelphia College of Osteopathic Medicine Program,/Program/GetById/1917,Philadelphia,PA
119,Internal Medicine - Preliminary Track,UPMC Pinnacle Hospitals Program,/Program/GetById/1929,Harrisburg,PA
120,Internal Medicine - Preliminary Track,VA Caribbean Healthcare System Program,/Program/GetById/1969,San Juan,PR
121,Internal Medicine - Preliminary Track,University of Puerto Rico Program,/Program/GetById/1966,San Juan,PR
122,Internal Medicine - Preliminary Track,Universidad Central del Caribe Program,/Program/GetById/1964,Bayamon,PR
123,Internal Medicine - Preliminary Track,Conemaugh Memorial Medical Center Program,/Program/GetById/1959,Johnstown,PA
124,Internal Medicine - Preliminary Track,UPMC Medical Education Program,/Program/GetById/1956,Pittsburgh,PA
125,Internal Medicine - Preliminary Track,Sidney Kimmel Medical College at Thomas Jefferson University/TJUH Program,/Program/GetById/1952,Philadelphia,PA
126,Internal Medicine - Preliminary Track,University of Nebraska Medical Center College of Medicine Program,/Program/GetById/1687,Omaha,NE
127,Internal Medicine - Preliminary Track,Temple University Hospital Program,/Program/GetById/1950,Philadelphia,PA
128,Internal Medicine - Preliminary Track,Allegheny Health Network Medical Education Consortium (AGH) Program,/Program/GetById/1941,Pittsburgh,PA
129,Internal Medicine - Preliminary Track,Pennsylvania Hospital of the University of Pennsylvania Health System Program,/Program/GetById/1939,Philadelphia,PA
130,Internal Medicine - Preliminary Track,Mercy Catholic Medical Center Program,/Program/GetById/1937,Darby,PA
131,Internal Medicine - Preliminary Track,Main Line Health System/Lankenau Medical Center Program,/Program/GetById/1935,Wynnewood,PA
132,Internal Medicine - Preliminary Track,Albert Einstein Healthcare Network Program,/Program/GetById/1933,Philadelphia,PA
133,Internal Medicine - Preliminary Track,Penn State Milton S Hershey Medical Center Program,/Program/GetById/1931,Hershey,PA
134,Internal Medicine - Preliminary Track,Abington Memorial Hospital Program,/Program/GetById/1945,Abington,PA
135,Internal Medicine - Preliminary Track,Creighton University School of Medicine (Omaha) Program,/Program/GetById/1685,Omaha,NE
136,Internal Medicine - Preliminary Track,Billings Clinic Program,/Program/GetById/1683,Billings,MT
137,Internal Medicine - Preliminary Track,University of Missouri-Kansas City School of Medicine Program,/Program/GetById/1680,Kansas City,MO
138,Internal Medicine - Preliminary Track,Santa Clara Valley Medical Center Program,/Program/GetById/1379,San Jose,CA
139,Internal Medicine - Preliminary Track,University of Colorado Program,/Program/GetById/1383,Aurora,CO
140,Internal Medicine - Preliminary Track,Saint Joseph Hospital Program,/Program/GetById/1385,Denver,CO
141,Internal Medicine - Preliminary Track,Yale-New Haven Medical Center (Waterbury) Program,/Program/GetById/1387,Waterbury,CT
142,Internal Medicine - Preliminary Track,Bridgeport Hospital/Yale University Program,/Program/GetById/1389,Bridgeport,CT
143,Internal Medicine - Preliminary Track,Quinnipiac University Frank H. Netter MD School of Medicine/St VIncent's Medical Center Program,/Program/GetById/1391,Bridgeport,CT
144,Internal Medicine - Preliminary Track,Stamford Hospital/Columbia University College of Physicians and Surgeons Program,/Program/GetById/1394,Stamford,CT
145,Internal Medicine - Preliminary Track,St Mary's Hospital (Waterbury) Program,/Program/GetById/1396,Waterbury,CT
146,Internal Medicine - Preliminary Track,Greenwich Hospital Association Program,/Program/GetById/1398,Greenwich,CT
147,Internal Medicine - Preliminary Track,Yale-New Haven Medical Center Program,/Program/GetById/1400,New Haven,CT
148,Internal Medicine - Preliminary Track,Griffin Hospital Program,/Program/GetById/1402,Derby,CT
149,Internal Medicine - Preliminary Track,University of Connecticut Program,/Program/GetById/1404,Farmington,CT
150,Internal Medicine - Preliminary Track,Norwalk Hospital/Yale University Program,/Program/GetById/1406,Norwalk,CT
151,Internal Medicine - Preliminary Track,MedStar Health/Georgetown-Washington Hospital Center Program,/Program/GetById/1410,Washington,DC
152,Internal Medicine - Preliminary Track,Alameda Health System-Highland Hospital Program,/Program/GetById/1377,Oakland,CA
153,Internal Medicine - Preliminary Track,MedStar Health/Georgetown University Hospital Program,/Program/GetById/1412,Washington,DC
154,Internal Medicine - Preliminary Track,Howard University Program,/Program/GetById/1416,Washington,DC
155,Internal Medicine - Preliminary Track,Florida State University College of Medicine (Tallahassee) Program,/Program/GetById/1418,Tallahassee,FL
156,Internal Medicine - Preliminary Track,Florida Atlantic University Charles E. Schmidt College of Medicine Program,/Program/GetById/1421,Boca Raton,FL
157,Internal Medicine - Preliminary Track,HCA Healthcare/USF Morsani College of Medicine GME: Oak Hill Hospital Program,/Program/GetById/1425,Brooksville,FL
158,Internal Medicine - Preliminary Track,University of Miami Hospital and Clinics/Holy Cross Hospital Program,/Program/GetById/1427,Fort Lauderdale,FL
159,Internal Medicine - Preliminary Track,"Memorial Healthcare System (Hollywood, Florida) Program",/Program/GetById/1441,Pembroke Pines,FL
160,Internal Medicine - Preliminary Track,HCA Healthcare/USF Morsani College of Medicine GME: Citrus Memorial Hospital Program,/Program/GetById/1447,Inverness,FL
161,Internal Medicine - Preliminary Track,HCA Healthcare/USF Morsani College of Medicine GME: Medical Center Trinity Program,/Program/GetById/1450,Trinity,FL
162,Internal Medicine - Preliminary Track,Mount Sinai Medical Center of Florida Program,/Program/GetById/1452,Miami Beach,FL
163,Internal Medicine - Preliminary Track,University of Florida Program,/Program/GetById/1454,Gainesville,FL
164,Internal Medicine - Preliminary Track,University of Florida College of Medicine Jacksonville Program,/Program/GetById/1456,Jacksonville,FL
165,Internal Medicine - Preliminary Track,University of Miami/Jackson Health System Program,/Program/GetById/1458,Miami,FL
166,Internal Medicine - Preliminary Track,University of South Florida Morsani Program,/Program/GetById/1460,Tampa,FL
167,Internal Medicine - Preliminary Track,Cleveland Clinic (Florida) Program,/Program/GetById/1463,Weston,FL
168,Internal Medicine - Preliminary Track,George Washington University Program,/Program/GetById/1414,Washington,DC
169,Internal Medicine - Preliminary Track,St Mary Medical Center Program,/Program/GetById/1375,Long Beach,CA
170,Internal Medicine - Preliminary Track,University of California (San Francisco)/Fresno Program,/Program/GetById/1373,Fresno,CA
171,Internal Medicine - Preliminary Track,Santa Barbara Cottage Hospital Program,/Program/GetById/1370,Santa Barbara,CA
172,Internal Medicine - Preliminary Track,Brookwood Baptist Health Program,/Program/GetById/1280,Birmingham,AL
173,Internal Medicine - Preliminary Track,University of Alabama Medical Center Program,/Program/GetById/1282,Birmingham,AL
174,Internal Medicine - Preliminary Track,University of Alabama Medical Center (Montgomery) Program,/Program/GetById/1284,Montgomery,AL
175,Internal Medicine - Preliminary Track,HonorHealth Program,/Program/GetById/1286,Scottsdale,AZ
176,Internal Medicine - Preliminary Track,Creighton University School of Medicine (Phoenix) Program,/Program/GetById/1292,Phoenix,AZ
177,Internal Medicine - Preliminary Track,University of Arizona College of Medicine-Phoenix Program,/Program/GetById/1295,Phoenix,AZ
178,Internal Medicine - Preliminary Track,University of Arizona College of Medicine-Tucson Program,/Program/GetById/1297,Tucson,AZ
179,Internal Medicine - Preliminary Track,University of Arkansas for Medical Sciences (UAMS) College of Medicine Program,/Program/GetById/1307,Little Rock,AR
180,Internal Medicine - Preliminary Track,Eisenhower Medical Center Program,/Program/GetById/1309,Rancho Mirage,CA
181,Internal Medicine - Preliminary Track,Kaiser Permanente Southern California Program,/Program/GetById/1311,Fontana,CA
182,Internal Medicine - Preliminary Track,Riverside Community Hospital/University of California Riverside School of Medicine Program,/Program/GetById/1315,Riverside,CA
183,Internal Medicine - Preliminary Track,St. Agnes Medical Center (Fresno) Program,/Program/GetById/1321,Fresno,CA
184,Internal Medicine - Preliminary Track,HCA Healthcare/Los Robles Regional Medical Center Program,/Program/GetById/1327,Thousand Oaks,CA
185,Internal Medicine - Preliminary Track,Sierra View Medical Center Program,/Program/GetById/1329,Porterville,CA
186,Internal Medicine - Preliminary Track,Cedars-Sinai Medical Center Program,/Program/GetById/1331,Los Angeles,CA
187,Internal Medicine - Preliminary Track,UCLA David Geffen School of Medicine/UCLA Medical Center Program,/Program/GetById/1333,Los Angeles,CA
188,Internal Medicine - Preliminary Track,Adventist Health White Memorial Program,/Program/GetById/1335,Los Angeles,CA
189,Internal Medicine - Preliminary Track,St Mary's Hospital and Medical Center Program,/Program/GetById/1368,San Francisco,CA
190,Internal Medicine - Preliminary Track,Stanford Health Care-Sponsored Stanford University Program,/Program/GetById/1365,Stanford,CA
191,Internal Medicine - Preliminary Track,Kaiser Permanente Northern California (Santa Clara) Program,/Program/GetById/1363,Santa Clara,CA
192,Internal Medicine - Preliminary Track,University of California (San Diego) Medical Center Program,/Program/GetById/1360,San Diego,CA
193,Internal Medicine - Preliminary Track,Olive View/UCLA Medical Center Program,/Program/GetById/1358,Sylmar,CA
194,Internal Medicine - Preliminary Track,Loma Linda University Health Education Consortium Program,/Program/GetById/1355,Loma Linda,CA
195,Internal Medicine - Preliminary Track,Orlando Health Program,/Program/GetById/1465,Orlando,FL
196,Internal Medicine - Preliminary Track,University of California (Irvine) Program,/Program/GetById/1353,Orange,CA
197,Internal Medicine - Preliminary Track,California Pacific Medical Center Program,/Program/GetById/1348,San Francisco,CA
198,Internal Medicine - Preliminary Track,Kaiser Permanente Northern California (San Francisco) Program,/Program/GetById/1346,San Francisco,CA
199,Internal Medicine - Preliminary Track,Kaiser Permanente Northern California (Oakland) Program,/Program/GetById/1344,Oakland,CA
200,Internal Medicine - Preliminary Track,Kaiser Permanente Southern California (Los Angeles) Program,/Program/GetById/1342,Los Angeles,CA
201,Internal Medicine - Preliminary Track,Los Angeles County-Harbor-UCLA Medical Center Program,/Program/GetById/1340,Torrance,CA
202,Internal Medicine - Preliminary Track,Huntington Memorial Hospital Program,/Program/GetById/1337,Pasadena,CA
203,Internal Medicine - Preliminary Track,San Joaquin General Hospital Program,/Program/GetById/1350,French Camp,CA
204,Internal Medicine - Preliminary Track,University of Wisconsin Hospitals and Clinics Program,/Program/GetById/2075,Madison,WI
205,Internal Medicine - Preliminary Track,University of Miami/JFK Medical Center Palm Beach Regional GME Consortium Program,/Program/GetById/1467,Atlantis,FL
206,Internal Medicine - Preliminary Track,Augusta University/University of Georgia Medical Partnership Program,/Program/GetById/1472,Athens,GA
207,Internal Medicine - Preliminary Track,Johns Hopkins University/Bayview Medical Center Program,/Program/GetById/1576,Baltimore,MD
208,Internal Medicine - Preliminary Track,Johns Hopkins University Program,/Program/GetById/1578,Baltimore,MD
209,Internal Medicine - Preliminary Track,St Agnes HealthCare Program,/Program/GetById/1581,Baltimore,MD
210,Internal Medicine - Preliminary Track,Sinai Hospital of Baltimore Program,/Program/GetById/1583,Baltimore,MD
211,Internal Medicine - Preliminary Track,MedStar Health (Baltimore) Program,/Program/GetById/1585,Baltimore,MD
212,Internal Medicine - Preliminary Track,University of Maryland Program,/Program/GetById/1587,Baltimore,MD
213,Internal Medicine - Preliminary Track,University of Maryland Prince George's Hospital Center Program,/Program/GetById/1589,Cheverly,MD
214,Internal Medicine - Preliminary Track,Greater Baltimore Medical Center Program,/Program/GetById/1590,Baltimore,MD
215,Internal Medicine - Preliminary Track,Steward Carney Hospital Program,/Program/GetById/1592,Boston,MA
216,Internal Medicine - Preliminary Track,Massachusetts General Hospital Program,/Program/GetById/1594,Boston,MA
217,Internal Medicine - Preliminary Track,Mount Auburn Hospital Program,/Program/GetById/1596,Cambridge,MA
218,Internal Medicine - Preliminary Track,Berkshire Medical Center Program,/Program/GetById/1598,Pittsfield,MA
219,Internal Medicine - Preliminary Track,St Vincent Hospital Program,/Program/GetById/1601,Worcester,MA
220,Internal Medicine - Preliminary Track,Salem Hospital Program,/Program/GetById/1603,Salem,MA
221,Internal Medicine - Preliminary Track,Ochsner Clinic Foundation Program,/Program/GetById/1570,New Orleans,LA
222,Internal Medicine - Preliminary Track,Beth Israel Deaconess Medical Center Program,/Program/GetById/1605,Boston,MA
223,Internal Medicine - Preliminary Track,St Elizabeth's Medical Center Program,/Program/GetById/1610,Boston,MA
224,Internal Medicine - Preliminary Track,University of Massachusetts Program,/Program/GetById/1613,Worcester,MA
225,Internal Medicine - Preliminary Track,Lahey Clinic Program,/Program/GetById/1615,Burlington,MA
226,Internal Medicine - Preliminary Track,Boston University Medical Center Program,/Program/GetById/1617,Boston,MA
227,Internal Medicine - Preliminary Track,Ascension St John Hospital Program,/Program/GetById/1637,Grosse Pointe Woods,MI
228,Internal Medicine - Preliminary Track,University of Michigan Health System Program,/Program/GetById/1644,Ann Arbor,MI
229,Internal Medicine - Preliminary Track,Beaumont Health (Dearborn) Program,/Program/GetById/1651,Dearborn,MI
230,Internal Medicine - Preliminary Track,Mayo Clinic College of Medicine and Science (Rochester) Program,/Program/GetById/1657,Rochester,MN
231,Internal Medicine - Preliminary Track,University of Mississippi Medical Center Program,/Program/GetById/1665,Jackson,MS
232,Internal Medicine - Preliminary Track,SSM St Mary's Hospital-St Louis Program,/Program/GetById/1670,St Louis,MO
233,Internal Medicine - Preliminary Track,University of Missouri-Columbia Program,/Program/GetById/1672,Columbia,MO
234,Internal Medicine - Preliminary Track,Washington University/B-JH/SLCH Consortium Program,/Program/GetById/1674,St Louis,MO
235,Internal Medicine - Preliminary Track,St Louis University School of Medicine Program,/Program/GetById/1676,St Louis,MO
236,Internal Medicine - Preliminary Track,St Luke's Hospital Program,/Program/GetById/1678,St. Louis,MO
237,Internal Medicine - Preliminary Track,Brigham and Women's Hospital Program,/Program/GetById/1608,Boston,MA
238,Internal Medicine - Preliminary Track,Louisiana State University (Baton Rouge) Program,/Program/GetById/1567,Baton Rouge,LA
239,Internal Medicine - Preliminary Track,Louisiana State University (Shreveport) Program,/Program/GetById/1565,Shreveport,LA
240,Internal Medicine - Preliminary Track,Tulane University Program,/Program/GetById/1563,New Orleans,LA
241,Internal Medicine - Preliminary Track,HCA Healthcare/Mercer University School of Medicine/Memorial Health University Medical Center Program,/Program/GetById/1481,Savannah,GA
242,Internal Medicine - Preliminary Track,Emory University School of Medicine Program,/Program/GetById/1483,Atlanta,GA
243,Internal Medicine - Preliminary Track,Medical College of Georgia Program,/Program/GetById/1485,Augusta,GA
244,Internal Medicine - Preliminary Track,The Medical Center Navicent Health/Mercer University School of Medicine Program,/Program/GetById/1487,Macon,GA
245,Internal Medicine - Preliminary Track,Morehouse School of Medicine Program,/Program/GetById/1489,Atlanta,GA
246,Internal Medicine - Preliminary Track,University of Hawaii Program,/Program/GetById/1493,Honolulu,HI
247,Internal Medicine - Preliminary Track,University of Washington [Boise] Program,/Program/GetById/1496,Boise,ID
248,Internal Medicine - Preliminary Track,Advocate Health Care (Advocate Illinois Masonic Medical Center) Program,/Program/GetById/1503,Chicago,IL
249,Internal Medicine - Preliminary Track,Rush University Medical Center Program,/Program/GetById/1506,Chicago,IL
250,Internal Medicine - Preliminary Track,AMITA Health/Saint Joseph Hospital (Chicago) Program,/Program/GetById/1508,Chicago,IL
251,Internal Medicine - Preliminary Track,University of Chicago Program,/Program/GetById/1510,Chicago,IL
252,Internal Medicine - Preliminary Track,AMITA Health/Saint Francis Hospital Program,/Program/GetById/1512,Evanston,IL
253,Internal Medicine - Preliminary Track,McGaw Medical Center of Northwestern University Program,/Program/GetById/1517,Chicago,IL
254,Internal Medicine - Preliminary Track,University of Illinois College of Medicine at Chicago Program,/Program/GetById/1519,Chicago,IL
255,Internal Medicine - Preliminary Track,Loyola University Medical Center Program,/Program/GetById/1521,Maywood,IL
256,Internal Medicine - Preliminary Track,University of Illinois College of Medicine at Chicago/Advocate Christ Medical Center Program,/Program/GetById/1523,Oak Lawn,IL
257,Internal Medicine - Preliminary Track,Advocate Health Care (Advocate Lutheran General Hospital) Program,/Program/GetById/1525,Park Ridge,IL
258,Internal Medicine - Preliminary Track,Louisiana State University Program,/Program/GetById/1561,New Orleans,LA
259,Internal Medicine - Preliminary Track,LSU Health Sciences Center/University Hospital and Clinics (Lafayette) Program,/Program/GetById/1559,Lafayette,LA
260,Internal Medicine - Preliminary Track,University of Louisville School of Medicine Program,/Program/GetById/1557,Louisville,KY
261,Internal Medicine - Preliminary Track,University of Kentucky College of Medicine Program,/Program/GetById/1555,Lexington,KY
262,Internal Medicine - Preliminary Track,University of Kansas (Wichita) Program,/Program/GetById/1550,Wichita,KS
263,Internal Medicine - Preliminary Track,University of Kansas School of Medicine Program,/Program/GetById/1548,Kansas City,KS
264,Internal Medicine - Preliminary Track,Northside Hospital - Gwinnett Program,/Program/GetById/1470,Lawrenceville,GA
265,Internal Medicine - Preliminary Track,University of Iowa (Des Moines) Program,/Program/GetById/1546,Des Moines,IA
266,Internal Medicine - Preliminary Track,St Vincent Hospital and Health Care Center Program,/Program/GetById/1538,Indianapolis,IN
267,Internal Medicine - Preliminary Track,Indiana University School of Medicine (Southwest Indiana) Program,/Program/GetById/1536,Vincennes,IN
268,Internal Medicine - Preliminary Track,University of Chicago (NorthShore) Program,/Program/GetById/1533,Evanston,IL
269,Internal Medicine - Preliminary Track,West Suburban Medical Center Program,/Program/GetById/1531,Oak Park,IL
270,Internal Medicine - Preliminary Track,Carle Foundation Hospital Program,/Program/GetById/1529,Urbana,IL
271,Internal Medicine - Preliminary Track,Southern Illinois University Program,/Program/GetById/1527,Springfield,IL
272,Internal Medicine - Preliminary Track,University of Iowa Hospitals and Clinics Program,/Program/GetById/1544,Iowa City,IA
273,Internal Medicine - Preliminary Track,Medical College of Wisconsin Affiliated Hospitals Program,/Program/GetById/2079,Milwaukee,WI
