ACGME residency program code,0400121010,0400321012,0400331197,0400421013,0400500027,0400500028,0400500031,0400511026,0400521006,0400521014,0400521015,0400521016,0400521018,0400521019,0400521020,0400521022,0400521023,0400521025,0400721028,0400821030,0400821172,0401021032,0401021033,0401021190,0401100205,0401100206,0401100209,0401100211,0401100212,0401100213,0401100215,0401112204,0401113194,0401121035,0401121036,0401211038,0401221037,0401611041,0401611044,0401611046,0401612039,0401621040,0401621042,0401621043,0401721048,0401821049,0401911050,0401922051,0402021052,0402021053,0402111056,0402112055,0402131168,0402131199,0402211057,0402311059,0402321058,0402400071,0402411060,0402412069,0402421062,0402421065,0402421066,0402421067,0402431064,0402431070,0402500206,0402500207,0402500208,0402513202,0402521071,0402521185,0402531073,0402621076,0402631075,0402711077,0402800167,0402811078,0402811081,0402812080,0402821166,0403011082,0403100001,0403211083,0403300196,0403311195,0403312085,0403321087,0403321089,0403321180,0403421183,0403500182,0403500183,0403500184,0403511101,0403511102,0403511107,0403511108,0403511111,0403521093,0403521098,0403521104,0403521105,0403521106,0403521110,0403521113,0403521167,0403521170,0403521181,0403621114,0403621116,0403631115,0403800175,0403800176,0403800177,0403811123,0403821118,0403821119,0403821125,0403821174,0403822120,0403900129,0403921128,0404021129,0404100205,0404100206,0404100207,0404100208,0404111130,0404121134,0404121137,0404121139,0404131136,0404132141,0404221142,0404300001,0404500144,0404522143,0404700202,0404711144,0404711146,0404811149,0404811153,0404821091,0404821147,0404821155,0404821156,0404831150,0404831152,0404931157,0405011158,0405111159,0405111160,0405121008,0405412162,0405421161,0405511163,0405621164,0405621165
Residency program name,University of Alabama Medical Center Program,University of Arizona College of Medicine-Tucson Program,Mayo Clinic College of Medicine and Science (Arizona) Program,University of Arkansas for Medical Sciences Program,Riverside University Health System Program,Kaweah Delta Health Care District (KDHCD) Program,Riverside Community Hospital Program,Los Angeles County-Harbor-UCLA Medical Center Program,Naval Medical Center (San Diego) Program,University of California Davis Health Program,University of California (Irvine) Program,Loma Linda University Health Education Consortium Program,University of Southern California/LAC+USC Medical Center Program,Cedars-Sinai Medical Center Program,UCLA David Geffen School of Medicine/UCLA Medical Center Program,University of California (San Diego) Medical Center Program,University of California (San Francisco) Program,Stanford Health Care-Sponsored Stanford University Program,University of Colorado Program,Yale-New Haven Medical Center Program,University of Connecticut Program,MedStar Health/Georgetown University Hospital Program,George Washington University Program,National Capital Consortium Program,"Mount Sinai Medical Center of Florida, Inc Program",HCA Healthcare: East Florida Division GME: Kendall Regional Medical Center Program,Cleveland Clinic Florida Program,HCA Healthcare/USF Morsani College of Medicine GME: Oak Hill Hospital Program,University of Central Florida/HCA Healthcare GME (Ocala) Program,Larkin Community Hospital Program,"Memorial Healthcare System, Hollywood, Florida Program",University of Florida College of Medicine Jacksonville Program,Mayo Clinic College of Medicine and Science (Jacksonville) Program,University of Florida Program,University of Miami/Jackson Health System Program,Medical College of Georgia Program,Emory University School of Medicine Program,University of Illinois College of Medicine at Chicago Program,University of Chicago Program,Loyola University Medical Center Program,Cook County Health and Hospitals System Program,Advocate Health Care (Advocate Illinois Masonic Medical Center) Program,McGaw Medical Center of Northwestern University Program,Rush University Medical Center Program,Indiana University School of Medicine Program,University of Iowa Hospitals and Clinics Program,University of Kansas School of Medicine Program,University of Kansas (Wichita) Program,University of Kentucky College of Medicine Program,University of Louisville School of Medicine Program,Louisiana State University (Shreveport) Program,Ochsner Clinic Foundation Program,Tulane University Program,Louisiana State University Program,Maine Medical Center Program,University of Maryland Program,Johns Hopkins University Program,Lahey Clinic Program,Beth Israel Deaconess Medical Center Program,UMMS-Baystate Program,Boston University Medical Center Program,Tufts Medical Center Program,Brigham and Women''s Hospital Program,St Elizabeth''s Medical Center Program,Massachusetts General Hospital Program,University of Massachusetts Program,Wayne State University School of Medicine Program,McLaren Health Care/Oakland/MSU Program,McLaren Health Care/Greater Lansing/MSU Program,Beaumont Health (Royal Oak) Program,University of Michigan Health System Program,Henry Ford Hospital/Wayne State University Program,Detroit Medical Center/Wayne State University Program,Mayo Clinic College of Medicine and Science (Rochester) Program,University of Minnesota Program,University of Mississippi Medical Center Program,Still OPTI/Northeast Regional Medical Center Program,University of Missouri-Columbia Program,Washington University/B-JH/SLCH Consortium Program,University of Missouri-Kansas City School of Medicine Program,St Louis University School of Medicine Program,University of Nebraska Medical Center College of Medicine Program,HCA Healthcare Sunrise Health Graduate Medical Education Program,Dartmouth-Hitchcock/Mary Hitchcock Memorial Hospital Program,Hackensack University Medical Center Program,Cooper Medical School of Rowan University/Cooper University Hospital Program,St Barnabas Medical Center Program,Rutgers New Jersey Medical School Program,St Joseph''s University Medical Center Program,Rutgers Robert Wood Johnson Medical School Program,University of New Mexico School of Medicine Program,Zucker School of Medicine at Hofstra/Northwell Program,Health Quest Program,New York Medical College at Metropolitan Hospital Program,Maimonides Medical Center Program,New York-Presbyterian Brooklyn Methodist Hospital Program,New York Presbyterian Hospital (Columbia Campus) Program,Icahn School of Medicine at Mount Sinai (Morningside/West) Program,University of Rochester Program,University at Buffalo Program,New York Presbyterian Hospital (Cornell Campus) Program,Icahn School of Medicine at Mount Sinai (Mount Sinai Hospital) Program,Westchester Medical Center Program,NYU Grossman School of Medicine Program,SUNY Health Science Center at Brooklyn Program,SUNY Upstate Medical University Program,Albany Medical Center Program,Stony Brook Medicine/University Hospital Program,Montefiore Medical Center/Albert Einstein College of Medicine Program,University of North Carolina Hospitals Program,Wake Forest University School of Medicine Program,Duke University Hospital Program,OhioHealth/Doctors Hospital Program,Kettering Health Network Program,Cleveland Clinic Foundation/South Pointe Hospital Program,Ohio State University Hospital Program,University of Cincinnati Medical Center/College of Medicine Program,Case Western Reserve University/University Hospitals Cleveland Medical Center Program,University of Toledo Program,Case Western Reserve University (MetroHealth) Program,Cleveland Clinic Foundation Program,Oklahoma State University Center for Health Sciences Program,University of Oklahoma Health Sciences Center Program,Oregon Health & Science University Program,Geisinger Health System Program,UPMC Pinnacle Hospitals/Lititz Campus Program,Robert Packer Hospital Program,Tower Health Program,Penn State Milton S Hershey Medical Center Program,University of Pennsylvania Health System Program,Sidney Kimmel Medical College at Thomas Jefferson University/TJUH Program,UPMC Medical Education Program,Temple University Hospital Program,Allegheny Health Network Medical Education Consortium (AGH/WPH) Program,University of Puerto Rico Program,Brown University/Rhode Island Hospital-Lifespan Program,HCA Healthcare Grand Strand Regional Medical Center Program,Medical University of South Carolina Program,University of Tennessee College of Medicine Program,University of Tennessee Medical Center at Knoxville Program,Vanderbilt University Medical Center Program,University of Texas Medical Branch Hospitals Program,Texas Tech University Health Sciences Center at Lubbock Program,San Antonio Uniformed Services Health Education Consortium Program,University of Texas Southwestern Medical Center Program,University of Texas Health Science Center San Antonio Joe and Teresa Lozano Long School of Medicine Program,Texas A&M College of Medicine-Scott and White Medical Center (Temple) Program,Baylor College of Medicine Program,University of Texas Health Science Center at Houston Program,University of Utah Health Program,University of Vermont Medical Center Program,University of Virginia Medical Center Program,Virginia Commonwealth University Health System Program,Naval Medical Center (Portsmouth) Program,Virginia Mason Medical Center Program,University of Washington Program,West Virginia University Program,University of Wisconsin Hospitals and Clinics Program,Medical College of Wisconsin Affiliated Hospitals Program
City,Birmingham,Tucson,Phoenix,Little Rock,Moreno Valley,Visalia,Riverside,Torrance,San Diego,Sacramento,Orange,Loma Linda,Los Angeles,Los Angeles,Los Angeles,San Diego,San Francisco,Stanford,Aurora,New Haven,Farmington,Washington,Washington,Bethesda,Miami Beach,Miami,Weston,Brooksville,Ocala,South Miami,Pembroke Pines,Jacksonville,Jacksonville,Gainesville,Miami,Augusta,Atlanta,Chicago,Chicago,Maywood,Chicago,Chicago,Chicago,Chicago,Indianapolis,Iowa City,Kansas City,Wichita,Lexington,Louisville,Shreveport,New Orleans,New Orleans,New Orleans,Portland,Baltimore,Baltimore,Burlington,Boston,Springfield,Boston,Boston,Boston,Boston,Boston,Worcester,Pontiac,Pontiac,Lansing,Royal Oak,Ann Arbor,Detroit,Detroit,Rochester,Minneapolis,Jackson,Kirksville,Columbia,St Louis,Kansas City,St. Louis,Omaha,Las Vegas,Lebanon,Hackensack,Camden,Livingston,Newark,Paterson,New Brunswick,Albuquerque,Manhasset,Poughkeepsie,New York,Brooklyn,Brooklyn,New York,New York,Rochester,Buffalo,New York,New York,Valhalla,New York,Brooklyn,Syracuse,Albany,Stony Brook,Bronx,Chapel Hill,Winston-Salem,Durham,Columbus,Dayton,Warrensville Heights,Columbus,Cincinnati,Cleveland,Toledo,Cleveland,Cleveland,Tulsa,Oklahoma City,Portland,Danville,Lititz,Sayre,West Reading,Hershey,Philadelphia,Philadelphia,Pittsburgh,Philadelphia,Pittsburgh,San Juan,Providence,Myrtle Beach,Charleston,Memphis,Knoxville,Nashville,Galveston,Lubbock,Fort Sam Houston,Dallas,San Antonio,Temple,Houston,Houston,Salt Lake City,Burlington,Charlottesville,Richmond,Portsmouth,Seattle,Seattle,Morgantown,Madison,Milwaukee
State,AL,AZ,AZ,AR,CA,CA,CA,CA,CA,CA,CA,CA,CA,CA,CA,CA,CA,CA,CO,CT,CT,DC,DC,MD,FL,FL,FL,FL,FL,FL,FL,FL,FL,FL,FL,GA,GA,IL,IL,IL,IL,IL,IL,IL,IN,IA,KS,KS,KY,KY,LA,LA,LA,LA,ME,MD,MD,MA,MA,MA,MA,MA,MA,MA,MA,MA,MI,MI,MI,MI,MI,MI,MI,MN,MN,MS,MO,MO,MO,MO,MO,NE,NV,NH,NJ,NJ,NJ,NJ,NJ,NJ,NM,NY,NY,NY,NY,NY,NY,NY,NY,NY,NY,NY,NY,NY,NY,NY,NY,NY,NY,NC,NC,NC,OH,OH,OH,OH,OH,OH,OH,OH,OH,OK,OK,OR,PA,PA,PA,PA,PA,PA,PA,PA,PA,PA,PR,RI,SC,SC,TN,TN,TN,TX,TX,TX,TX,TX,TX,TX,TX,UT,VT,VA,VA,VA,WA,WA,WV,WI,WI
Zip,	35249-6810,	85724,	85054,	72205,	92555,	93291-6263,	92501,	90509,	92134,	95817,	92868,	92354,	90033,	90048,	90095-7403,	921038770,	94143,	94305,	80045,	06510,	06030-1127,	20007,	20037,	20814,	33140,	33175,	33331,	34613,	34471,	33143,	33028,	32209,	32224,	32610,	33136,	30912,	30322,	60612,	60637,	60153,	60612,	60657,	60611-2908,	60612,	46202-5515,	52242,	66160,	67214,	40536,	40202,	71130,	70121,	70112,	70112,	04102-3175,	21201,	21287-4963,	01805,	02215,	01199,	02118,	02111,	02115,	02135,	02114,	01655,	48341-5031,	48342,	48910,	48073,	48109,	48202,	48201,	55905,	55455,	39216,	63501,	65212,	63110,	64111-3320,	63110,	68198,	89128,	03756,	07601,	08103,	07039,	07103,	07503,	08901,	87131,	11030,	12601,	10029,	11219,	11215,	10032,	10025,	14642,	14203,	10065,	10029,	10595-1530,	10016,	11203,	13210,	12208-3479,	11794,	10467,	27599-7010,	27157,	27710,	43228,	45405,	44122-8805,	43210,	45267,	44106-5007,	43614,	44109,	44195,	74107,	73104,	97239,	17822-2025,	17543,	18840,	19612,	17033,	19104,	19107,	15213,	19140,	15212,	00936,	02903,	29572,	29425,	38138,	37920,	37232,	77555-0877,	79430,	78234,	75390-9068,	78229-3900,	76508,	77030,	77030,	841322304,	05401,	22908,	23298-0459,	23708-2197,	98111,	98195,	26506,	53792-3272,	53226
Program setting,University Hospital,University Hospital,Other,University Hospital,Affiliated Hospital,Community Hospital,Not Available,Affiliated Hospital,Not Available,University Hospital,University Hospital,University Hospital,University Hospital,Affiliated Hospital,University Hospital,University Hospital,University Hospital,University Hospital,University Hospital,University Hospital,University Hospital,University Hospital,University Hospital,Not Available,Affiliated Hospital,Affiliated Hospital,Community Hospital,Community Hospital,Affiliated Hospital,Community Hospital,Community Hospital,Affiliated Hospital,Affiliated Hospital,University Hospital,Affiliated Hospital,University Hospital,University Hospital,University Hospital,University Hospital,University Hospital,Other,Affiliated Hospital,Not Available,University Hospital,University Hospital,University Hospital,University Hospital,Affiliated Hospital,University Hospital,University Hospital,University Hospital,Community Hospital,University Hospital,University Hospital,Affiliated Hospital,University Hospital,University Hospital,Affiliated Hospital,University Hospital,Affiliated Hospital,University Hospital,Not Available,University Hospital,Affiliated Hospital,University Hospital,University Hospital,Affiliated Hospital,Affiliated Hospital,Affiliated Hospital,Affiliated Hospital,University Hospital,Affiliated Hospital,University Hospital,Affiliated Hospital,University Hospital,University Hospital,Affiliated Hospital,University Hospital,University Hospital,Affiliated Hospital,University Hospital,University Hospital,Not Available,University Hospital,Affiliated Hospital,University Hospital,Affiliated Hospital,University Hospital,University Hospital,University Hospital,University Hospital,University Hospital,Affiliated Hospital,Affiliated Hospital,Affiliated Hospital,Affiliated Hospital,University Hospital,Affiliated Hospital,University Hospital,Affiliated Hospital,University Hospital,University Hospital,University Hospital,University Hospital,University Hospital,University Hospital,University Hospital,University Hospital,University Hospital,University Hospital,University Hospital,University Hospital,Community Hospital,Community Hospital,Community Hospital,University Hospital,University Hospital,University Hospital,University Hospital,University Hospital,Community Hospital,University Hospital,University Hospital,University Hospital,Affiliated Hospital,Community Hospital,Affiliated Hospital,Not Available,University Hospital,University Hospital,University Hospital,University Hospital,University Hospital,Affiliated Hospital,University Hospital,University Hospital,Affiliated Hospital,University Hospital,University Hospital,University Hospital,University Hospital,University Hospital,University Hospital,Not Available,University Hospital,University Hospital,University Hospital,University Hospital,Affiliated Hospital,University Hospital,University Hospital,University Hospital,University Hospital,Not Available,Affiliated Hospital,University Hospital,University Hospital,University Hospital,Affiliated Hospital
Participates in ERAS,Yes,Yes,Yes,Yes,Yes,Yes,No,Yes,No,Yes,Yes,Yes,Yes,Yes,Yes,Yes,Yes,Yes,Yes,Yes,Yes,Yes,Yes,No,Yes,Yes,Yes,Yes,Yes,No,Yes,Yes,Yes,Yes,Yes,Yes,Yes,Yes,Yes,Yes,Yes,Yes,Yes,Yes,Yes,Yes,Yes,Yes,Yes,Yes,Yes,Yes,Yes,Yes,Yes,Yes,Yes,Yes,Yes,Yes,Yes,Yes,Yes,Yes,Yes,Yes,Yes,Yes,Yes,Yes,Yes,Yes,Yes,Yes,Yes,Yes,No,Yes,Yes,Yes,Yes,Yes,Yes,Yes,Yes,Yes,No,Yes,Yes,Yes,Yes,Yes,Yes,Yes,Yes,No,Yes,Yes,Yes,Yes,Yes,Yes,Yes,Yes,Yes,Yes,Yes,Yes,Yes,Yes,Yes,Yes,Yes,Yes,Yes,Yes,Yes,Yes,Yes,Yes,Yes,Yes,Yes,Yes,Yes,Yes,No,No,Yes,Yes,Yes,Yes,Yes,Yes,Yes,Yes,Yes,Yes,Yes,Yes,Yes,Yes,Yes,No,Yes,Yes,Yes,Yes,Yes,Yes,Yes,Yes,Yes,No,Yes,Yes,Yes,Yes,Yes
Participates in the NRMP Main Match,Yes,Yes,Yes,Yes,Yes,Yes,No,Yes,No,Yes,Yes,Yes,Yes,Yes,Yes,Yes,Yes,Yes,Yes,Yes,Yes,Yes,Yes,No,Yes,Yes,Yes,Yes,Yes,No,Yes,Yes,Yes,Yes,Yes,Yes,Yes,Yes,Yes,Yes,Yes,Yes,Yes,Yes,Yes,Yes,Yes,Yes,Yes,Yes,Yes,Yes,Yes,Yes,Yes,Yes,Yes,Yes,Yes,Yes,Yes,Yes,Yes,Yes,Yes,Yes,Yes,Yes,Yes,Yes,Yes,Yes,Yes,Yes,Yes,Yes,No,Yes,Yes,Yes,Yes,Yes,Yes,Yes,Yes,Yes,No,Yes,Yes,Yes,Yes,Yes,Yes,Yes,Yes,No,Yes,Yes,Yes,Yes,Yes,Yes,Yes,Yes,Yes,Yes,Yes,Yes,Yes,Yes,Yes,Yes,Yes,Yes,Yes,Yes,Yes,Yes,Yes,Yes,Yes,Yes,Yes,Yes,Yes,Yes,No,No,Yes,Yes,Yes,Yes,Yes,Yes,Yes,Yes,Yes,Yes,Yes,Yes,Yes,Yes,Yes,No,Yes,Yes,Yes,Yes,Yes,Yes,Yes,Yes,Yes,No,Yes,Yes,Yes,Yes,Yes
Number of current residents Â who were graduates of a joint MD-PhD program,,1,,,,,,,,,,1,,1,1,2,1,5,,2,,,,,,,,,,,,,,,1,,,,1,,,,1,,,,1,,,,,1,,,1,,2,,2,,,,6,,6,1,,,,,,1,,1,,,,,7,,,1,,,,1,,,,,,,,,,,4,,2,,3,4,1,,1,,,,,,1,4,,,,,,,,,,,,5,,,,,,5,,1,,,,1,,,,,,,,,1,,,,,,,,,,,4,,,1
Program accreditation status,Continued Accreditation,Continued Accreditation,Continued Accreditation,Continued Accreditation,Continued Accreditation,Initial Accreditation with Warning,Initial Accreditation,Continued Accreditation,Continued Accreditation,Continued Accreditation,Continued Accreditation,Continued Accreditation,Continued Accreditation,Continued Accreditation,Continued Accreditation,Continued Accreditation,Continued Accreditation,Continued Accreditation,Continued Accreditation,Continued Accreditation,Continued Accreditation,Continued Accreditation,Continued Accreditation,Continued Accreditation,Continued Accreditation,Continued Accreditation,Continued Accreditation,Initial Accreditation,Initial Accreditation,Initial Accreditation,Initial Accreditation,Continued Accreditation,Continued Accreditation,Continued Accreditation,Continued Accreditation,Continued Accreditation,Continued Accreditation,Continued Accreditation,Continued Accreditation,Continued Accreditation,Continued Accreditation,Continued Accreditation,Continued Accreditation,Continued Accreditation,Continued Accreditation,Continued Accreditation,Continued Accreditation,Continued Accreditation,Continued Accreditation,Continued Accreditation,Continued Accreditation,Continued Accreditation,Continued Accreditation,Continued Accreditation,Continued Accreditation,Continued Accreditation,Continued Accreditation,Continued Accreditation,Continued Accreditation,Continued Accreditation,Continued Accreditation,Continued Accreditation,Continued Accreditation,Continued Accreditation,Continued Accreditation,Continued Accreditation,Continued Accreditation,Initial Accreditation,Continued Accreditation,Continued Accreditation,Continued Accreditation,Continued Accreditation,Continued Accreditation,Continued Accreditation,Continued Accreditation,Continued Accreditation,Initial Accreditation with Warning,Continued Accreditation,Continued Accreditation,Continued Accreditation,Continued Accreditation,Continued Accreditation,Continued Accreditation,Continued Accreditation,Initial Accreditation,Continued Accreditation,Continued Accreditation,Continued Accreditation,Continued Accreditation,Continued Accreditation,Continued Accreditation,Continued Accreditation,Initial Accreditation,Initial Accreditation,Continued Accreditation,Continued Accreditation,Continued Accreditation,Continued Accreditation,Continued Accreditation,Continued Accreditation,Continued Accreditation,Continued Accreditation,Continued Accreditation,Continued Accreditation,Continued Accreditation,Continued Accreditation,Continued Accreditation,Continued Accreditation,Continued Accreditation,Continued Accreditation,Continued Accreditation,Continued Accreditation,Initial Accreditation with Warning,Continued Accreditation,Continued Accreditation,Continued Accreditation,Continued Accreditation,Continued Accreditation,Continued Accreditation,Continued Accreditation,Continued Accreditation,Continued Accreditation,Continued Accreditation,Continued Accreditation,Continued Accreditation,Continued Accreditation,Initial Accreditation,Initial Accreditation,Continued Accreditation,Continued Accreditation,Continued Accreditation,Continued Accreditation,Continued Accreditation,Continued Accreditation,Continued Accreditation,Continued Accreditation,Initial Accreditation,Continued Accreditation,Initial Accreditation,Continued Accreditation,Continued Accreditation,Continued Accreditation,Continued Accreditation,Continued Accreditation,Continued Accreditation,Continued Accreditation,Continued Accreditation,Continued Accreditation,Continued Accreditation,Continued Accreditation,Continued Accreditation,Continued Accreditation,Continued Accreditation,Continued Accreditation,Continued Accreditation,Continued Accreditation,Continued Accreditation,Continued Accreditation,Continued Accreditation
Osteopathic Recognition,No,No,No,No,No,No,No,No,No,No,No,No,No,No,No,No,No,No,No,No,No,No,No,No,No,No,No,No,No,No,No,No,No,No,No,No,No,No,No,No,No,No,No,No,No,No,No,No,No,No,No,No,No,No,No,No,No,No,No,No,No,No,No,No,No,No,No,No,No,No,No,No,No,No,No,No,No,No,No,No,No,No,No,No,No,No,No,No,No,No,No,No,No,No,No,No,No,No,No,No,No,No,No,No,No,No,No,No,No,No,No,No,Yes,No,Yes,No,No,No,No,No,No,Yes,No,No,No,Yes,No,No,No,No,No,No,No,No,No,No,No,No,No,No,No,No,No,No,No,No,No,No,No,No,No,No,No,No,No,No,No,No,No
Total # Residents on Duty,82,39,10,55,21,10,0,27,17,54,47,55,73,45,100,42,81,84,51,72,35,38,30,51,11,19,20,11,16,3,0,13,12,88,107,49,44,50,62,53,36,30,76,73,78,59,35,21,58,37,32,39,21,30,20,45,74,17,66,26,35,30,98,30,81,32,19,9,13,24,115,49,49,56,29,37,5,19,78,23,37,44,13,30,4,20,18,37,24,30,29,25,0,0,31,15,103,52,59,48,78,103,40,76,71,43,23,40,64,51,56,56,8,11,10,51,32,54,20,23,84,11,48,50,24,8,0,0,66,94,63,74,32,38,12,25,7,60,0,33,71,69,15,53,79,59,37,75,104,42,25,61,46,16,27,112,29,53,73
# Residents on Duty Year 1,21,13,3,13,5,4,0,7,6,13,12,14,18,12,24,14,10,11,2,17,6,10,5,8,4,7,5,6,9,0,0,5,4,20,24,12,16,12,18,13,9,6,13,16,25,14,8,5,13,9,8,10,5,6,5,8,26,6,12,0,5,10,18,10,7,8,6,3,3,6,27,12,12,19,9,8,1,4,19,6,7,8,7,7,4,6,3,12,8,0,6,6,0,0,10,5,26,14,16,12,18,27,10,32,15,11,6,9,11,10,14,14,2,3,3,11,8,13,5,3,22,3,12,10,7,2,0,0,16,17,12,17,4,16,3,12,5,15,0,8,18,13,4,11,17,15,10,14,26,3,6,12,8,6,9,26,7,13,17
# of categorical positions offered by this program in the 2020 NRMP Main Match,21,0,3,13,5,4,,7,,14,12,14,18,14,25,0,10,14,4,17,6,10,5,,0,0,5,0,0,,3,4,4,19,26,12,6,12,12,13,9,6,13,16,4,15,9,5,14,10,8,11,6,6,5,8,0,6,12,2,6,0,18,6,7,8,0,3,4,6,28,12,12,12,10,8,,4,20,6,7,8,0,7,4,5,0,4,0,0,6,6,6,4,0,,26,13,16,12,18,26,5,0,15,11,6,10,11,10,14,14,2,3,3,13,8,14,5,3,22,3,12,13,6,2,,,17,16,10,17,4,6,3,0,6,15,3,8,18,16,4,,17,16,10,14,26,8,6,12,8,,6,26,9,12,17
# of categorical positions filled by this program in the 2020 NRMP Main Match,21,0,3,13,5,4,,7,,14,12,14,18,14,25,0,10,14,4,17,6,10,5,,0,0,5,0,0,,3,4,4,19,26,12,6,12,12,13,9,6,13,16,4,15,9,5,14,10,8,11,6,6,5,8,0,6,12,2,6,0,18,6,7,8,0,3,4,6,28,12,12,12,10,8,,4,20,6,7,8,0,7,4,5,0,4,0,0,6,6,6,4,0,,26,13,16,12,18,26,5,0,15,11,6,10,11,10,14,14,2,3,3,13,8,13,5,3,22,3,12,13,6,2,,,17,16,10,17,4,6,3,0,6,15,3,8,18,16,4,,17,16,10,14,26,8,6,12,8,,6,26,9,12,17
# of advanced positions offered by this program in the 2020 NRMP Main Match,0,13,1,1,0,0,,0,,0,0,0,0,2,0,14,15,14,14,6,3,0,3,,4,6,0,6,10,,0,0,0,5,3,0,6,1,6,0,1,2,8,6,24,0,1,0,0,1,0,1,0,0,0,11,26,0,6,9,6,10,7,4,20,0,6,0,0,0,3,0,0,6,1,2,,1,2,0,3,2,7,1,0,0,0,8,9,12,2,0,6,4,11,,0,3,1,0,2,0,5,28,4,0,0,0,6,4,0,1,0,0,0,6,0,0,1,4,0,0,0,1,0,0,,,2,8,5,2,6,4,0,12,0,0,3,0,0,5,0,,4,1,0,6,0,7,0,3,4,,3,2,2,5,2
# of advanced positions filled by this program in the 2020 NRMP Main Match,0,13,1,1,0,0,,0,,0,0,0,0,2,0,14,15,14,14,5,3,0,3,,2,6,0,6,10,,0,0,0,4,3,0,6,1,6,0,1,2,8,6,24,0,1,0,0,1,0,1,0,0,0,11,26,0,6,9,5,10,7,3,20,0,6,0,0,0,3,0,0,6,1,2,,1,1,0,3,2,7,1,0,0,0,8,9,12,2,0,6,3,11,,0,3,1,0,2,0,5,28,4,0,0,0,6,4,0,1,0,0,0,6,0,0,1,4,0,0,0,1,0,0,,,2,8,5,2,6,4,0,12,0,0,3,0,0,5,0,,4,1,0,6,0,7,0,3,3,,3,1,2,5,2
# of applications submitted to this program in 2020,1096,845,979,1016,771,567,,901,,957,975,967,983,1024,1031,951,1074,1126,1522,1589,1141,1414,1425,,1300,952,852,363,693,,542,1146,1199,1580,1608,1047,1184,1596,1460,1390,1165,1204,1317,1655,1252,924,994,775,1205,1100,946,1071,1062,975,967,1175,1138,867,1351,870,1452,1061,1401,1316,1404,1167,720,617,691,946,1451,1178,998,1113,1112,880,,852,1186,913,1123,850,621,848,880,960,0,961,903,887,1055,1020,869,517,975,,1191,1289,1250,1014,1302,1201,1016,1071,1202,1114,1012,996,1153,1489,1347,1444,732,674,727,1370,1149,1698,940,1246,1451,551,776,1262,998,484,,,1423,1571,1589,1442,1523,1182,158,857,972,1268,833,870,1394,1199,919,,1428,1121,1024,1380,1449,1084,906,1404,1524,,1032,1500,1065,1150,1184
% of applicants interviewed by the program in 2019,18.8,22.5,5.5,21.7,14.7,14.7,,25.9,,18.8,19.7,28.1,25.5,20.4,0.4,16.6,17,22.4,8.7,16.3,12.1,10.1,10.5,,,8.5,12.9,8.6,18.6,,,9.9,4.5,12,14.2,16,11,15,16.8,13.7,12.5,12,,21.9,16.3,18.5,12.7,13.3,17.2,13,17.8,12.9,11.6,19.1,8.9,25.6,16,11.7,21.1,29.7,13.9,,15.2,9.6,14.4,10.7,11.2,4.5,4.5,10,19.8,15,16.3,14.2,15.7,11.7,,7.8,21.7,11.2,10.6,20,,19.1,,15.2,14.7,19.6,13,14.8,11,22.9,,,20.7,,27.3,21.5,11.9,24.4,20.8,14.7,6.8,24.8,17.6,15.4,7.9,14.5,23.1,10.3,11.5,11.5,3.8,11.9,,19.9,14.5,14.6,14.4,14.9,17.8,4.3,18.6,11.6,10.9,7.6,,,18.1,12.2,12.1,16.8,12.3,17.9,9,30.1,9.6,13.7,,15.8,12.8,23.2,16.1,,15,18.5,12,9.9,24,16.7,11.3,16.2,10.4,,7.2,18.2,9.9,14,17.7
Average number of work experiences among matched applicants,3,4,3,4,,,,3,,3,2,3,2,4,3,4,4,3,3,3,4,3,3,,,4,4,,3,,,,,3,3,5,3,3,3,3,5,5,3,3,3,3,3,,2,3,4,3,,3,4,3,3,3,4,3,3,5,3,5,4,4,3,,,3,3,5,4,4,4,4,,,3,,3,4,3,3,,2,,3,3,3,4,3,,,3,,3,3,3,3,3,3,3,3,4,3,3,2,3,3,3,3,,,,3,3,3,4,4,3,,3,4,,,,,3,3,3,3,4,3,,3,,3,,3,3,3,,,3,3,4,3,3,4,3,3,3,,3,4,3,4,3
Average number of volunteer experiences among matched applicants,8,6,7,6,,,,6,,7,6,6,6,7,7,7,7,7,7,6,6,8,7,,,6,4,,5,,,,,7,6,5,8,6,7,6,4,3,7,6,6,7,7,,6,6,6,7,,7,5,6,7,5,6,6,4,5,7,5,6,5,4,,,7,6,4,6,8,6,7,,,6,,6,7,4,6,,5,,5,7,5,5,5,,,6,,6,8,7,5,6,6,6,6,5,4,5,6,5,7,7,6,,,,7,6,7,4,5,6,,7,8,,,,,7,6,6,7,5,5,,6,,8,,7,9,6,,,7,7,7,8,8,7,6,7,6,,7,6,6,7,6
Average number of research experiences among matched applicants,2,2,2,1,,,,3,,3,3,2,3,3,3,3,4,4,3,3,2,2,3,,,1,1,,2,,,,,3,2,1,3,2,3,2,1,1,3,2,2,2,2,,2,1,2,2,,3,3,3,4,2,3,2,2,3,3,2,4,2,2,,,3,3,2,2,3,2,1,,,3,,1,2,2,3,,2,,2,2,2,2,2,,,2,,3,3,3,2,3,3,2,3,2,1,2,3,3,2,2,3,,,,2,2,2,2,2,2,,2,3,,,,,2,3,2,3,2,2,,3,,2,,2,3,2,,,3,2,2,3,2,3,2,3,2,,2,3,2,2,2
Average number of peer-reviewed publications among matched applicants,2,3,3,2,,,,4,,3,3,2,2,4,4,3,3,4,3,4,3,3,2,,,2,5,,2,,,,,4,4,5,3,3,2,2,4,4,3,3,2,3,2,,2,2,3,3,,3,5,3,4,3,5,2,6,3,4,4,6,2,3,,,3,3,3,4,4,5,2,,,3,,2,3,2,4,,1,,4,3,2,16,3,,,3,,3,3,4,3,4,3,4,2,4,3,3,3,2,3,2,5,,,,4,2,3,2,4,3,,2,3,,,,,2,4,3,2,3,2,,5,,3,,2,4,3,,,3,2,3,3,2,3,2,3,3,,2,4,3,3,3
Comparison to Matched Applicants: USMLE Step 1,Your score is below the range observed among matched applicants,Your score is in the lower 25% of matched applicants,Your score is below the range observed among matched applicants,Your score is in the lower 25% of matched applicants,Your score is in the lower 25% of matched applicants,Your score is below the range observed among matched applicants,-,Your score is below the range observed among matched applicants,-,Your score is in the lower 25% of matched applicants,Your score is in the lower 25% of matched applicants,Your score is below the range observed among matched applicants,Your score is below the range observed among matched applicants,Your score is in the lower 25% of matched applicants,Your score is below the range observed among matched applicants,Your score is below the range observed among matched applicants,Your score is below the range observed among matched applicants,Your score is below the range observed among matched applicants,Your score is in the lower 25% of matched applicants,Your score is in the lower 25% of matched applicants,Your score is below the range observed among matched applicants,Your score is in the lower 25% of matched applicants,Your score is below the range observed among matched applicants,-,Your score is below the range observed among matched applicants,Your score is in the lower 25% of matched applicants,Your score is below the range observed among matched applicants,Your score is below the range observed among matched applicants,Your score is in the lower 25% of matched applicants,-,-,Your score is below the range observed among matched applicants,Your score is below the range observed among matched applicants,Your score is in the lower 25% of matched applicants,Your score is below the range observed among matched applicants,Your score is in the lower 25% of matched applicants,Your score is in the lower 25% of matched applicants,Your score is in the lower 25% of matched applicants,Your score is below the range observed among matched applicants,Your score is in the lower 25% of matched applicants,Your score is in the lower 25% of matched applicants,Your score is in the lower 25% of matched applicants,Your score is below the range observed among matched applicants,Your score is in the lower 25% of matched applicants,Your score is in the lower 25% of matched applicants,Your score is below the range observed among matched applicants,Your score is below the range observed among matched applicants,Your score is in the lower 25% of matched applicants,Your score is in the lower 25% of matched applicants,Your score is in the lower 25% of matched applicants,Your score is in the lower 25% of matched applicants,Your score is below the range observed among matched applicants,Your score is below the range observed among matched applicants,Your score is in the lower 25% of matched applicants,Your score is in the lower 25% of matched applicants,Your score is in the lower 25% of matched applicants,Your score is in the lower 25% of matched applicants,Your score is below the range observed among matched applicants,Your score is below the range observed among matched applicants,Your score is in the lower 25% of matched applicants,Your score is below the range observed among matched applicants,Your score is in the lower 25% of matched applicants,Your score is below the range observed among matched applicants,Your score is in the lower 25% of matched applicants,Your score is below the range observed among matched applicants,Your score is in the lower 25% of matched applicants,Your score is below the range observed among matched applicants,-,-,Your score is below the range observed among matched applicants,Your score is below the range observed among matched applicants,Your score is in the lower 25% of matched applicants,Your score is in the lower 25% of matched applicants,Your score is below the range observed among matched applicants,Your score is in the lower 25% of matched applicants,Your score is in the lower 25% of matched applicants,-,Your score is below the range observed among matched applicants,Your score is below the range observed among matched applicants,Your score is in the lower 25% of matched applicants,Your score is in the lower 25% of matched applicants,Your score is in the lower 25% of matched applicants,Your score is in the lower 25% of matched applicants,Your score is in the lower 25% of matched applicants,-,Your score is below the range observed among matched applicants,Your score is in the lower 25% of matched applicants,Your score is in the lower 25% of matched applicants,Your score is below the range observed among matched applicants,Your score is in the lower 25% of matched applicants,Your score is in the lower 25% of matched applicants,Your score is below the range observed among matched applicants,Your score is in the lower 25% of matched applicants,-,Your score is in the lower 25% of matched applicants,-,Your score is below the range observed among matched applicants,Your score is in the lower 25% of matched applicants,Your score is in the lower 25% of matched applicants,Your score is in the lower 25% of matched applicants,Your score is below the range observed among matched applicants,Your score is below the range observed among matched applicants,Your score is in the lower 25% of matched applicants,Your score is below the range observed among matched applicants,Your score is in the lower 25% of matched applicants,Your score is in the lower 25% of matched applicants,Your score is below the range observed among matched applicants,Your score is below the range observed among matched applicants,Your score is below the range observed among matched applicants,Your score is in the lower 25% of matched applicants,Your score is below the range observed among matched applicants,Your score is in the lower 25% of matched applicants,-,-,-,Your score is in the lower 25% of matched applicants,Your score is in the lower 25% of matched applicants,Your score is in the lower 25% of matched applicants,Your score is below the range observed among matched applicants,Your score is below the range observed among matched applicants,Your score is below the range observed among matched applicants,-,Your score is in the lower 25% of matched applicants,Your score is in the lower 25% of matched applicants,Your score is in the lower 25% of matched applicants,-,-,-,Your score is in the lower 25% of matched applicants,Your score is in the lower 25% of matched applicants,Your score is in the lower 25% of matched applicants,Your score is below the range observed among matched applicants,Your score is in the lower 25% of matched applicants,Your score is in the lower 25% of matched applicants,Your score is in the lower 25% of matched applicants,Your score is in the lower 25% of matched applicants,Your score is in the lower 25% of matched applicants,Your score is in the lower 25% of matched applicants,-,Your score is below the range observed among matched applicants,Your score is below the range observed among matched applicants,Your score is below the range observed among matched applicants,Your score is below the range observed among matched applicants,-,Your score is below the range observed among matched applicants,Your score is in the lower 25% of matched applicants,Your score is in the lower 25% of matched applicants,Your score is below the range observed among matched applicants,Your score is below the range observed among matched applicants,Your score is in the lower 25% of matched applicants,Your score is in the lower 25% of matched applicants,Your score is below the range observed among matched applicants,Your score is in the lower 25% of matched applicants,-,Your score is below the range observed among matched applicants,Your score is in the lower 25% of matched applicants,Your score is in the lower 25% of matched applicants,Your score is in the lower 25% of matched applicants,Your score is in the lower 25% of matched applicants
Comparison to Matched Applicants: USMLE Step 2CK,Your score is in the lower 25% of matched applicants,Your score is in the middle 50% of matched applicants,Your score is in the lower 25% of matched applicants,Your score is in the middle 50% of matched applicants,Your score is in the middle 50% of matched applicants,Your score is in the top 25% of matched applicants,-,Your score is in the middle 50% of matched applicants,-,Your score is in the middle 50% of matched applicants,Your score is in the middle 50% of matched applicants,Your score is in the middle 50% of matched applicants,Your score is in the middle 50% of matched applicants,Your score is in the middle 50% of matched applicants,Your score is in the lower 25% of matched applicants,Your score is in the middle 50% of matched applicants,Your score is in the lower 25% of matched applicants,Your score is in the lower 25% of matched applicants,Your score is in the middle 50% of matched applicants,Your score is in the middle 50% of matched applicants,Your score is in the middle 50% of matched applicants,Your score is in the middle 50% of matched applicants,Your score is in the middle 50% of matched applicants,-,Your score is in the middle 50% of matched applicants,Your score is in the top 25% of matched applicants,Your score is in the middle 50% of matched applicants,Your score is in the top 25% of matched applicants,Your score is in the top 25% of matched applicants,-,-,Your score is in the middle 50% of matched applicants,Your score is in the middle 50% of matched applicants,Your score is in the middle 50% of matched applicants,Your score is in the middle 50% of matched applicants,Your score is in the middle 50% of matched applicants,Your score is in the middle 50% of matched applicants,Your score is in the top 25% of matched applicants,Your score is in the middle 50% of matched applicants,Your score is in the middle 50% of matched applicants,Your score is in the middle 50% of matched applicants,Your score is in the middle 50% of matched applicants,Your score is in the lower 25% of matched applicants,Your score is in the middle 50% of matched applicants,Your score is in the middle 50% of matched applicants,Your score is in the middle 50% of matched applicants,Your score is in the middle 50% of matched applicants,Your score is in the middle 50% of matched applicants,Your score is in the middle 50% of matched applicants,Your score is in the middle 50% of matched applicants,Your score is in the middle 50% of matched applicants,Your score is in the middle 50% of matched applicants,Your score is in the top 25% of matched applicants,Your score is in the middle 50% of matched applicants,Your score is in the middle 50% of matched applicants,Your score is in the middle 50% of matched applicants,Your score is in the middle 50% of matched applicants,Your score is in the top 25% of matched applicants,Your score is in the middle 50% of matched applicants,Your score is in the middle 50% of matched applicants,Your score is in the middle 50% of matched applicants,Your score is in the middle 50% of matched applicants,Your score is in the lower 25% of matched applicants,Your score is in the top 25% of matched applicants,Your score is in the lower 25% of matched applicants,Your score is in the middle 50% of matched applicants,Your score is in the top 25% of matched applicants,-,-,Your score is in the middle 50% of matched applicants,Your score is in the lower 25% of matched applicants,Your score is in the middle 50% of matched applicants,Your score is in the middle 50% of matched applicants,Your score is in the lower 25% of matched applicants,Your score is in the middle 50% of matched applicants,Your score is in the middle 50% of matched applicants,-,Your score is in the middle 50% of matched applicants,Your score is in the lower 25% of matched applicants,Your score is in the middle 50% of matched applicants,Your score is in the top 25% of matched applicants,Your score is in the middle 50% of matched applicants,Your score is in the middle 50% of matched applicants,Your score is in the middle 50% of matched applicants,-,Your score is in the middle 50% of matched applicants,Your score is above the range observed among matched applicants,Your score is in the middle 50% of matched applicants,Your score is in the middle 50% of matched applicants,Your score is in the middle 50% of matched applicants,Your score is in the middle 50% of matched applicants,Your score is in the middle 50% of matched applicants,-,-,Your score is in the top 25% of matched applicants,-,Your score is in the lower 25% of matched applicants,Your score is in the middle 50% of matched applicants,Your score is in the middle 50% of matched applicants,Your score is in the middle 50% of matched applicants,Your score is in the lower 25% of matched applicants,Your score is in the middle 50% of matched applicants,Your score is in the middle 50% of matched applicants,Your score is in the middle 50% of matched applicants,Your score is in the middle 50% of matched applicants,Your score is in the middle 50% of matched applicants,Your score is in the middle 50% of matched applicants,Your score is in the middle 50% of matched applicants,Your score is in the middle 50% of matched applicants,Your score is in the lower 25% of matched applicants,Your score is in the middle 50% of matched applicants,Your score is in the lower 25% of matched applicants,-,-,-,Your score is in the middle 50% of matched applicants,Your score is in the middle 50% of matched applicants,Your score is in the middle 50% of matched applicants,Your score is in the middle 50% of matched applicants,Your score is in the middle 50% of matched applicants,Your score is in the lower 25% of matched applicants,-,Your score is in the middle 50% of matched applicants,Your score is in the middle 50% of matched applicants,Your score is in the middle 50% of matched applicants,-,-,-,Your score is in the middle 50% of matched applicants,Your score is in the middle 50% of matched applicants,Your score is in the middle 50% of matched applicants,Your score is in the lower 25% of matched applicants,Your score is in the top 25% of matched applicants,Your score is in the middle 50% of matched applicants,Your score is in the middle 50% of matched applicants,Your score is in the middle 50% of matched applicants,Your score is in the top 25% of matched applicants,Your score is in the middle 50% of matched applicants,-,Your score is in the middle 50% of matched applicants,Your score is in the lower 25% of matched applicants,Your score is in the middle 50% of matched applicants,Your score is in the middle 50% of matched applicants,-,Your score is in the middle 50% of matched applicants,Your score is in the middle 50% of matched applicants,Your score is in the middle 50% of matched applicants,Your score is in the middle 50% of matched applicants,Your score is in the middle 50% of matched applicants,Your score is in the middle 50% of matched applicants,Your score is in the middle 50% of matched applicants,Your score is in the lower 25% of matched applicants,Your score is in the middle 50% of matched applicants,-,Your score is in the lower 25% of matched applicants,Your score is in the middle 50% of matched applicants,Your score is in the middle 50% of matched applicants,Your score is in the middle 50% of matched applicants,Your score is in the middle 50% of matched applicants
Comparison to Matched Applicants: COMLEX Level 1,-,-,-,-,-,-,-,-,-,-,-,-,-,-,-,-,-,-,-,-,-,-,-,-,-,-,-,-,-,-,-,-,-,-,-,-,-,-,-,-,-,-,-,-,-,-,-,-,-,-,-,-,-,-,-,-,-,-,-,-,-,-,-,-,-,-,-,-,-,-,-,-,-,-,-,-,-,-,-,-,-,-,-,-,-,-,-,-,-,-,-,-,-,-,-,-,-,-,-,-,-,-,-,-,-,-,-,-,-,-,-,-,-,-,-,-,-,-,-,-,-,-,-,-,-,-,-,-,-,-,-,-,-,-,-,-,-,-,-,-,-,-,-,-,-,-,-,-,-,-,-,-,-,-,-,-,-,-,-
Comparison to Matched Applicants: COMLEX Level 2,-,-,-,-,-,-,-,-,-,-,-,-,-,-,-,-,-,-,-,-,-,-,-,-,-,-,-,-,-,-,-,-,-,-,-,-,-,-,-,-,-,-,-,-,-,-,-,-,-,-,-,-,-,-,-,-,-,-,-,-,-,-,-,-,-,-,-,-,-,-,-,-,-,-,-,-,-,-,-,-,-,-,-,-,-,-,-,-,-,-,-,-,-,-,-,-,-,-,-,-,-,-,-,-,-,-,-,-,-,-,-,-,-,-,-,-,-,-,-,-,-,-,-,-,-,-,-,-,-,-,-,-,-,-,-,-,-,-,-,-,-,-,-,-,-,-,-,-,-,-,-,-,-,-,-,-,-,-,-
Comparison to Matched Applicants: Peer-review publications,Your number of peer-reviewed publications is in the top 25% of matched applicants,Your number of peer-reviewed publications is in the top 25% of matched applicants,Your number of peer-reviewed publications is in the top 25% of matched applicants,Your number of peer-reviewed publications is in the top 25% of matched applicants,-,-,-,Your number of peer-reviewed publications is in the middle 50% of matched applicants,-,Your number of peer-reviewed publications is in the top 25% of matched applicants,Your number of peer-reviewed publications is in the top 25% of matched applicants,Your number of peer-reviewed publications is in the top 25% of matched applicants,Your number of peer-reviewed publications is in the top 25% of matched applicants,Your number of peer-reviewed publications is in the middle 50% of matched applicants,Your number of peer-reviewed publications is in the top 25% of matched applicants,Your number of peer-reviewed publications is in the top 25% of matched applicants,Your number of peer-reviewed publications is in the top 25% of matched applicants,Your number of peer-reviewed publications is in the middle 50% of matched applicants,Your number of peer-reviewed publications is in the top 25% of matched applicants,Your number of peer-reviewed publications is in the middle 50% of matched applicants,Your number of peer-reviewed publications is in the middle 50% of matched applicants,Your number of peer-reviewed publications is in the top 25% of matched applicants,Your number of peer-reviewed publications is in the top 25% of matched applicants,-,-,Your number of peer-reviewed publications is in the top 25% of matched applicants,Your number of peer-reviewed publications is in the top 25% of matched applicants,-,Your number of peer-reviewed publications is in the top 25% of matched applicants,-,-,-,-,Your number of peer-reviewed publications is in the top 25% of matched applicants,Your number of peer-reviewed publications is in the middle 50% of matched applicants,Your number of peer-reviewed publications is in the middle 50% of matched applicants,Your number of peer-reviewed publications is in the top 25% of matched applicants,Your number of peer-reviewed publications is in the top 25% of matched applicants,Your number of peer-reviewed publications is in the top 25% of matched applicants,Your number of peer-reviewed publications is above the range observed among matched applicants,Your number of peer-reviewed publications is in the top 25% of matched applicants,Your number of peer-reviewed publications is in the middle 50% of matched applicants,Your number of peer-reviewed publications is in the top 25% of matched applicants,Your number of peer-reviewed publications is in the top 25% of matched applicants,Your number of peer-reviewed publications is in the top 25% of matched applicants,Your number of peer-reviewed publications is in the top 25% of matched applicants,Your number of peer-reviewed publications is in the top 25% of matched applicants,-,Your number of peer-reviewed publications is in the top 25% of matched applicants,Your number of peer-reviewed publications is above the range observed among matched applicants,Your number of peer-reviewed publications is in the top 25% of matched applicants,Your number of peer-reviewed publications is in the top 25% of matched applicants,-,Your number of peer-reviewed publications is in the top 25% of matched applicants,Your number of peer-reviewed publications is in the top 25% of matched applicants,Your number of peer-reviewed publications is in the top 25% of matched applicants,Your number of peer-reviewed publications is in the middle 50% of matched applicants,Your number of peer-reviewed publications is in the top 25% of matched applicants,Your number of peer-reviewed publications is in the middle 50% of matched applicants,Your number of peer-reviewed publications is in the top 25% of matched applicants,Your number of peer-reviewed publications is in the top 25% of matched applicants,Your number of peer-reviewed publications is in the middle 50% of matched applicants,Your number of peer-reviewed publications is in the middle 50% of matched applicants,Your number of peer-reviewed publications is in the top 25% of matched applicants,Your number of peer-reviewed publications is in the middle 50% of matched applicants,Your number of peer-reviewed publications is in the top 25% of matched applicants,Your number of peer-reviewed publications is in the top 25% of matched applicants,-,-,Your number of peer-reviewed publications is in the top 25% of matched applicants,Your number of peer-reviewed publications is in the top 25% of matched applicants,Your number of peer-reviewed publications is in the top 25% of matched applicants,Your number of peer-reviewed publications is in the middle 50% of matched applicants,Your number of peer-reviewed publications is in the middle 50% of matched applicants,Your number of peer-reviewed publications is in the middle 50% of matched applicants,Your number of peer-reviewed publications is in the top 25% of matched applicants,-,-,Your number of peer-reviewed publications is in the top 25% of matched applicants,-,Your number of peer-reviewed publications is above the range observed among matched applicants,Your number of peer-reviewed publications is in the top 25% of matched applicants,Your number of peer-reviewed publications is in the top 25% of matched applicants,Your number of peer-reviewed publications is in the top 25% of matched applicants,-,Your number of peer-reviewed publications is above the range observed among matched applicants,-,Your number of peer-reviewed publications is in the middle 50% of matched applicants,Your number of peer-reviewed publications is in the top 25% of matched applicants,Your number of peer-reviewed publications is in the top 25% of matched applicants,Your number of peer-reviewed publications is in the top 25% of matched applicants,Your number of peer-reviewed publications is in the middle 50% of matched applicants,-,-,Your number of peer-reviewed publications is in the top 25% of matched applicants,-,Your number of peer-reviewed publications is in the top 25% of matched applicants,Your number of peer-reviewed publications is in the top 25% of matched applicants,Your number of peer-reviewed publications is in the top 25% of matched applicants,Your number of peer-reviewed publications is in the top 25% of matched applicants,Your number of peer-reviewed publications is in the middle 50% of matched applicants,Your number of peer-reviewed publications is in the top 25% of matched applicants,Your number of peer-reviewed publications is in the middle 50% of matched applicants,Your number of peer-reviewed publications is in the top 25% of matched applicants,Your number of peer-reviewed publications is in the top 25% of matched applicants,Your number of peer-reviewed publications is in the top 25% of matched applicants,Your number of peer-reviewed publications is in the middle 50% of matched applicants,Your number of peer-reviewed publications is in the top 25% of matched applicants,Your number of peer-reviewed publications is in the top 25% of matched applicants,Your number of peer-reviewed publications is in the top 25% of matched applicants,Your number of peer-reviewed publications is above the range observed among matched applicants,Your number of peer-reviewed publications is in the middle 50% of matched applicants,-,-,-,Your number of peer-reviewed publications is in the top 25% of matched applicants,Your number of peer-reviewed publications is in the top 25% of matched applicants,Your number of peer-reviewed publications is in the top 25% of matched applicants,Your number of peer-reviewed publications is in the top 25% of matched applicants,Your number of peer-reviewed publications is in the middle 50% of matched applicants,Your number of peer-reviewed publications is in the top 25% of matched applicants,-,Your number of peer-reviewed publications is in the top 25% of matched applicants,Your number of peer-reviewed publications is in the middle 50% of matched applicants,-,-,-,-,Your number of peer-reviewed publications is in the top 25% of matched applicants,Your number of peer-reviewed publications is in the middle 50% of matched applicants,Your number of peer-reviewed publications is in the top 25% of matched applicants,Your number of peer-reviewed publications is in the top 25% of matched applicants,Your number of peer-reviewed publications is in the top 25% of matched applicants,Your number of peer-reviewed publications is above the range observed among matched applicants,-,Your number of peer-reviewed publications is in the middle 50% of matched applicants,-,Your number of peer-reviewed publications is in the top 25% of matched applicants,-,Your number of peer-reviewed publications is above the range observed among matched applicants,Your number of peer-reviewed publications is in the middle 50% of matched applicants,Your number of peer-reviewed publications is in the top 25% of matched applicants,-,-,Your number of peer-reviewed publications is in the top 25% of matched applicants,Your number of peer-reviewed publications is in the top 25% of matched applicants,Your number of peer-reviewed publications is in the top 25% of matched applicants,Your number of peer-reviewed publications is in the top 25% of matched applicants,Your number of peer-reviewed publications is in the top 25% of matched applicants,Your number of peer-reviewed publications is in the top 25% of matched applicants,Your number of peer-reviewed publications is above the range observed among matched applicants,Your number of peer-reviewed publications is in the top 25% of matched applicants,Your number of peer-reviewed publications is in the top 25% of matched applicants,-,Your number of peer-reviewed publications is above the range observed among matched applicants,Your number of peer-reviewed publications is in the top 25% of matched applicants,Your number of peer-reviewed publications is in the top 25% of matched applicants,Your number of peer-reviewed publications is in the top 25% of matched applicants,Your number of peer-reviewed publications is in the top 25% of matched applicants
Comparison to Matched Applicants: Research experiences,Your number of experiences is in the top 25% of matched applicants,Your number of experiences is in the top 25% of matched applicants,Your number of experiences is in the top 25% of matched applicants,Your number of experiences is above the range observed among matched applicants,Your number of experiences is above the range observed among matched applicants,Your number of experiences is above the range observed among matched applicants,-,Your number of experiences is in the top 25% of matched applicants,-,Your number of experiences is in the top 25% of matched applicants,Your number of experiences is in the top 25% of matched applicants,Your number of experiences is in the top 25% of matched applicants,Your number of experiences is in the top 25% of matched applicants,Your number of experiences is in the top 25% of matched applicants,Your number of experiences is in the top 25% of matched applicants,Your number of experiences is in the top 25% of matched applicants,Your number of experiences is in the middle 50% of matched applicants,Your number of experiences is in the middle 50% of matched applicants,Your number of experiences is in the top 25% of matched applicants,Your number of experiences is in the top 25% of matched applicants,Your number of experiences is in the top 25% of matched applicants,Your number of experiences is in the top 25% of matched applicants,Your number of experiences is in the top 25% of matched applicants,-,Your number of experiences is above the range observed among matched applicants,Your number of experiences is in the top 25% of matched applicants,Your number of experiences is in the top 25% of matched applicants,Your number of experiences is above the range observed among matched applicants,Your number of experiences is in the top 25% of matched applicants,-,-,Your number of experiences is in the top 25% of matched applicants,Your number of experiences is above the range observed among matched applicants,Your number of experiences is in the top 25% of matched applicants,Your number of experiences is in the top 25% of matched applicants,Your number of experiences is in the top 25% of matched applicants,Your number of experiences is in the top 25% of matched applicants,Your number of experiences is in the top 25% of matched applicants,Your number of experiences is in the top 25% of matched applicants,Your number of experiences is in the top 25% of matched applicants,Your number of experiences is in the top 25% of matched applicants,Your number of experiences is in the top 25% of matched applicants,Your number of experiences is in the top 25% of matched applicants,Your number of experiences is in the top 25% of matched applicants,Your number of experiences is in the top 25% of matched applicants,Your number of experiences is in the top 25% of matched applicants,Your number of experiences is in the top 25% of matched applicants,Your number of experiences is in the top 25% of matched applicants,Your number of experiences is in the top 25% of matched applicants,Your number of experiences is in the top 25% of matched applicants,Your number of experiences is in the top 25% of matched applicants,Your number of experiences is in the top 25% of matched applicants,Your number of experiences is in the top 25% of matched applicants,Your number of experiences is in the top 25% of matched applicants,Your number of experiences is in the top 25% of matched applicants,Your number of experiences is in the top 25% of matched applicants,Your number of experiences is in the middle 50% of matched applicants,Your number of experiences is in the top 25% of matched applicants,Your number of experiences is in the top 25% of matched applicants,Your number of experiences is in the top 25% of matched applicants,Your number of experiences is in the top 25% of matched applicants,Your number of experiences is in the top 25% of matched applicants,Your number of experiences is in the middle 50% of matched applicants,Your number of experiences is in the top 25% of matched applicants,Your number of experiences is in the middle 50% of matched applicants,Your number of experiences is in the top 25% of matched applicants,Your number of experiences is in the top 25% of matched applicants,-,-,Your number of experiences is in the top 25% of matched applicants,Your number of experiences is in the top 25% of matched applicants,Your number of experiences is in the top 25% of matched applicants,Your number of experiences is in the top 25% of matched applicants,Your number of experiences is in the top 25% of matched applicants,Your number of experiences is in the top 25% of matched applicants,Your number of experiences is in the top 25% of matched applicants,-,Your number of experiences is in the top 25% of matched applicants,Your number of experiences is in the top 25% of matched applicants,Your number of experiences is in the top 25% of matched applicants,Your number of experiences is in the top 25% of matched applicants,Your number of experiences is in the top 25% of matched applicants,Your number of experiences is in the top 25% of matched applicants,Your number of experiences is in the top 25% of matched applicants,-,Your number of experiences is above the range observed among matched applicants,Your number of experiences is in the top 25% of matched applicants,Your number of experiences is in the top 25% of matched applicants,Your number of experiences is in the top 25% of matched applicants,Your number of experiences is in the top 25% of matched applicants,Your number of experiences is in the top 25% of matched applicants,Your number of experiences is in the top 25% of matched applicants,Your number of experiences is above the range observed among matched applicants,-,Your number of experiences is in the top 25% of matched applicants,-,Your number of experiences is in the top 25% of matched applicants,Your number of experiences is in the top 25% of matched applicants,Your number of experiences is in the top 25% of matched applicants,Your number of experiences is in the top 25% of matched applicants,Your number of experiences is in the top 25% of matched applicants,Your number of experiences is in the top 25% of matched applicants,Your number of experiences is in the top 25% of matched applicants,Your number of experiences is in the top 25% of matched applicants,Your number of experiences is in the top 25% of matched applicants,Your number of experiences is in the top 25% of matched applicants,Your number of experiences is in the top 25% of matched applicants,Your number of experiences is in the top 25% of matched applicants,Your number of experiences is in the top 25% of matched applicants,Your number of experiences is in the top 25% of matched applicants,Your number of experiences is in the top 25% of matched applicants,Your number of experiences is in the top 25% of matched applicants,-,-,-,Your number of experiences is in the top 25% of matched applicants,Your number of experiences is in the top 25% of matched applicants,Your number of experiences is in the top 25% of matched applicants,Your number of experiences is in the top 25% of matched applicants,Your number of experiences is in the top 25% of matched applicants,Your number of experiences is in the top 25% of matched applicants,-,Your number of experiences is in the top 25% of matched applicants,Your number of experiences is in the middle 50% of matched applicants,Your number of experiences is in the top 25% of matched applicants,-,-,-,Your number of experiences is in the top 25% of matched applicants,Your number of experiences is in the top 25% of matched applicants,Your number of experiences is in the top 25% of matched applicants,Your number of experiences is in the top 25% of matched applicants,Your number of experiences is in the top 25% of matched applicants,Your number of experiences is in the top 25% of matched applicants,Your number of experiences is in the top 25% of matched applicants,Your number of experiences is in the top 25% of matched applicants,Your number of experiences is in the top 25% of matched applicants,Your number of experiences is in the top 25% of matched applicants,-,Your number of experiences is in the top 25% of matched applicants,Your number of experiences is in the top 25% of matched applicants,Your number of experiences is in the top 25% of matched applicants,Your number of experiences is in the top 25% of matched applicants,-,Your number of experiences is in the top 25% of matched applicants,Your number of experiences is in the top 25% of matched applicants,Your number of experiences is in the top 25% of matched applicants,Your number of experiences is in the top 25% of matched applicants,Your number of experiences is in the top 25% of matched applicants,Your number of experiences is in the top 25% of matched applicants,Your number of experiences is in the top 25% of matched applicants,Your number of experiences is in the top 25% of matched applicants,Your number of experiences is in the top 25% of matched applicants,-,Your number of experiences is in the top 25% of matched applicants,Your number of experiences is in the top 25% of matched applicants,Your number of experiences is in the top 25% of matched applicants,Your number of experiences is in the top 25% of matched applicants,Your number of experiences is in the top 25% of matched applicants
Comparison to Matched Applicants: Volunteer experiences,Your number of experiences is in the lower 25% of matched applicants,Your number of experiences is in the middle 50% of matched applicants,Your number of experiences is in the lower 25% of matched applicants,Your number of experiences is in the middle 50% of matched applicants,Your number of experiences is in the lower 25% of matched applicants,Your number of experiences is in the lower 25% of matched applicants,-,Your number of experiences is in the middle 50% of matched applicants,-,Your number of experiences is in the lower 25% of matched applicants,Your number of experiences is in the middle 50% of matched applicants,Your number of experiences is in the middle 50% of matched applicants,Your number of experiences is in the middle 50% of matched applicants,Your number of experiences is in the middle 50% of matched applicants,Your number of experiences is in the lower 25% of matched applicants,Your number of experiences is in the middle 50% of matched applicants,Your number of experiences is in the middle 50% of matched applicants,Your number of experiences is in the middle 50% of matched applicants,Your number of experiences is in the middle 50% of matched applicants,Your number of experiences is in the middle 50% of matched applicants,Your number of experiences is in the middle 50% of matched applicants,Your number of experiences is in the middle 50% of matched applicants,Your number of experiences is in the middle 50% of matched applicants,-,Your number of experiences is in the middle 50% of matched applicants,Your number of experiences is in the middle 50% of matched applicants,Your number of experiences is in the middle 50% of matched applicants,Your number of experiences is in the middle 50% of matched applicants,Your number of experiences is in the middle 50% of matched applicants,-,-,Your number of experiences is in the middle 50% of matched applicants,Your number of experiences is in the middle 50% of matched applicants,Your number of experiences is in the middle 50% of matched applicants,Your number of experiences is in the middle 50% of matched applicants,Your number of experiences is in the middle 50% of matched applicants,Your number of experiences is in the lower 25% of matched applicants,Your number of experiences is in the middle 50% of matched applicants,Your number of experiences is in the middle 50% of matched applicants,Your number of experiences is in the middle 50% of matched applicants,Your number of experiences is in the middle 50% of matched applicants,Your number of experiences is in the middle 50% of matched applicants,Your number of experiences is in the lower 25% of matched applicants,Your number of experiences is in the middle 50% of matched applicants,Your number of experiences is in the middle 50% of matched applicants,Your number of experiences is in the middle 50% of matched applicants,Your number of experiences is in the lower 25% of matched applicants,Your number of experiences is in the lower 25% of matched applicants,Your number of experiences is in the middle 50% of matched applicants,Your number of experiences is in the middle 50% of matched applicants,Your number of experiences is in the middle 50% of matched applicants,Your number of experiences is in the lower 25% of matched applicants,Your number of experiences is in the middle 50% of matched applicants,Your number of experiences is in the middle 50% of matched applicants,Your number of experiences is in the middle 50% of matched applicants,Your number of experiences is in the middle 50% of matched applicants,Your number of experiences is in the middle 50% of matched applicants,Your number of experiences is in the middle 50% of matched applicants,Your number of experiences is in the middle 50% of matched applicants,Your number of experiences is in the middle 50% of matched applicants,Your number of experiences is in the middle 50% of matched applicants,Your number of experiences is in the middle 50% of matched applicants,Your number of experiences is in the lower 25% of matched applicants,Your number of experiences is in the middle 50% of matched applicants,Your number of experiences is in the middle 50% of matched applicants,Your number of experiences is in the middle 50% of matched applicants,Your number of experiences is in the middle 50% of matched applicants,-,-,Your number of experiences is in the middle 50% of matched applicants,Your number of experiences is in the middle 50% of matched applicants,Your number of experiences is in the middle 50% of matched applicants,Your number of experiences is in the middle 50% of matched applicants,Your number of experiences is in the middle 50% of matched applicants,Your number of experiences is in the middle 50% of matched applicants,Your number of experiences is in the middle 50% of matched applicants,-,Your number of experiences is in the middle 50% of matched applicants,Your number of experiences is in the middle 50% of matched applicants,Your number of experiences is in the middle 50% of matched applicants,Your number of experiences is in the middle 50% of matched applicants,Your number of experiences is in the middle 50% of matched applicants,Your number of experiences is in the middle 50% of matched applicants,Your number of experiences is in the middle 50% of matched applicants,-,Your number of experiences is in the middle 50% of matched applicants,Your number of experiences is in the middle 50% of matched applicants,Your number of experiences is in the middle 50% of matched applicants,Your number of experiences is in the middle 50% of matched applicants,Your number of experiences is in the middle 50% of matched applicants,Your number of experiences is in the middle 50% of matched applicants,Your number of experiences is in the middle 50% of matched applicants,Your number of experiences is in the middle 50% of matched applicants,-,Your number of experiences is in the middle 50% of matched applicants,-,Your number of experiences is in the middle 50% of matched applicants,Your number of experiences is in the lower 25% of matched applicants,Your number of experiences is in the middle 50% of matched applicants,Your number of experiences is in the middle 50% of matched applicants,Your number of experiences is in the middle 50% of matched applicants,Your number of experiences is in the middle 50% of matched applicants,Your number of experiences is in the middle 50% of matched applicants,Your number of experiences is in the middle 50% of matched applicants,Your number of experiences is in the middle 50% of matched applicants,Your number of experiences is in the middle 50% of matched applicants,Your number of experiences is in the middle 50% of matched applicants,Your number of experiences is in the middle 50% of matched applicants,Your number of experiences is in the middle 50% of matched applicants,Your number of experiences is in the middle 50% of matched applicants,Your number of experiences is in the lower 25% of matched applicants,Your number of experiences is in the middle 50% of matched applicants,-,-,-,Your number of experiences is in the middle 50% of matched applicants,Your number of experiences is in the middle 50% of matched applicants,Your number of experiences is in the middle 50% of matched applicants,Your number of experiences is in the middle 50% of matched applicants,Your number of experiences is in the middle 50% of matched applicants,Your number of experiences is in the middle 50% of matched applicants,-,Your number of experiences is in the middle 50% of matched applicants,Your number of experiences is in the middle 50% of matched applicants,Your number of experiences is in the middle 50% of matched applicants,-,-,-,Your number of experiences is in the middle 50% of matched applicants,Your number of experiences is in the middle 50% of matched applicants,Your number of experiences is in the middle 50% of matched applicants,Your number of experiences is in the middle 50% of matched applicants,Your number of experiences is in the middle 50% of matched applicants,Your number of experiences is in the middle 50% of matched applicants,Your number of experiences is in the middle 50% of matched applicants,Your number of experiences is in the middle 50% of matched applicants,Your number of experiences is in the middle 50% of matched applicants,Your number of experiences is in the middle 50% of matched applicants,-,Your number of experiences is in the middle 50% of matched applicants,Your number of experiences is in the lower 25% of matched applicants,Your number of experiences is in the middle 50% of matched applicants,Your number of experiences is in the middle 50% of matched applicants,-,Your number of experiences is in the middle 50% of matched applicants,Your number of experiences is in the middle 50% of matched applicants,Your number of experiences is in the lower 25% of matched applicants,Your number of experiences is in the lower 25% of matched applicants,Your number of experiences is in the middle 50% of matched applicants,Your number of experiences is in the middle 50% of matched applicants,Your number of experiences is in the middle 50% of matched applicants,Your number of experiences is in the middle 50% of matched applicants,Your number of experiences is in the middle 50% of matched applicants,-,Your number of experiences is in the middle 50% of matched applicants,Your number of experiences is in the middle 50% of matched applicants,Your number of experiences is in the middle 50% of matched applicants,Your number of experiences is in the middle 50% of matched applicants,Your number of experiences is in the middle 50% of matched applicants
Comparison to Matched Applicants: Work experiences,Your number of experiences is in the middle 50% of matched applicants,Your number of experiences is in the middle 50% of matched applicants,Your number of experiences is in the middle 50% of matched applicants,Your number of experiences is in the middle 50% of matched applicants,Your number of experiences is in the middle 50% of matched applicants,Your number of experiences is in the middle 50% of matched applicants,-,Your number of experiences is in the middle 50% of matched applicants,-,Your number of experiences is in the middle 50% of matched applicants,Your number of experiences is in the middle 50% of matched applicants,Your number of experiences is in the middle 50% of matched applicants,Your number of experiences is in the middle 50% of matched applicants,Your number of experiences is in the middle 50% of matched applicants,Your number of experiences is in the middle 50% of matched applicants,Your number of experiences is in the middle 50% of matched applicants,Your number of experiences is in the middle 50% of matched applicants,Your number of experiences is in the middle 50% of matched applicants,Your number of experiences is in the middle 50% of matched applicants,Your number of experiences is in the middle 50% of matched applicants,Your number of experiences is in the middle 50% of matched applicants,Your number of experiences is in the middle 50% of matched applicants,Your number of experiences is in the middle 50% of matched applicants,-,Your number of experiences is in the middle 50% of matched applicants,Your number of experiences is in the middle 50% of matched applicants,Your number of experiences is in the middle 50% of matched applicants,Your number of experiences is in the middle 50% of matched applicants,Your number of experiences is in the middle 50% of matched applicants,-,-,Your number of experiences is in the middle 50% of matched applicants,Your number of experiences is in the middle 50% of matched applicants,Your number of experiences is in the middle 50% of matched applicants,Your number of experiences is in the middle 50% of matched applicants,Your number of experiences is in the middle 50% of matched applicants,Your number of experiences is in the middle 50% of matched applicants,Your number of experiences is in the middle 50% of matched applicants,Your number of experiences is in the middle 50% of matched applicants,Your number of experiences is in the middle 50% of matched applicants,Your number of experiences is in the middle 50% of matched applicants,Your number of experiences is in the middle 50% of matched applicants,Your number of experiences is in the middle 50% of matched applicants,Your number of experiences is in the middle 50% of matched applicants,Your number of experiences is in the middle 50% of matched applicants,Your number of experiences is in the middle 50% of matched applicants,Your number of experiences is in the middle 50% of matched applicants,Your number of experiences is in the middle 50% of matched applicants,Your number of experiences is in the middle 50% of matched applicants,Your number of experiences is in the middle 50% of matched applicants,Your number of experiences is in the middle 50% of matched applicants,Your number of experiences is in the middle 50% of matched applicants,Your number of experiences is in the middle 50% of matched applicants,Your number of experiences is in the middle 50% of matched applicants,Your number of experiences is in the middle 50% of matched applicants,Your number of experiences is in the middle 50% of matched applicants,Your number of experiences is in the middle 50% of matched applicants,Your number of experiences is in the middle 50% of matched applicants,Your number of experiences is in the middle 50% of matched applicants,Your number of experiences is in the middle 50% of matched applicants,Your number of experiences is in the middle 50% of matched applicants,Your number of experiences is in the middle 50% of matched applicants,Your number of experiences is in the middle 50% of matched applicants,Your number of experiences is in the middle 50% of matched applicants,Your number of experiences is in the middle 50% of matched applicants,Your number of experiences is in the middle 50% of matched applicants,Your number of experiences is in the middle 50% of matched applicants,-,-,Your number of experiences is in the middle 50% of matched applicants,Your number of experiences is in the middle 50% of matched applicants,Your number of experiences is in the middle 50% of matched applicants,Your number of experiences is in the middle 50% of matched applicants,Your number of experiences is in the middle 50% of matched applicants,Your number of experiences is in the middle 50% of matched applicants,Your number of experiences is in the middle 50% of matched applicants,-,Your number of experiences is in the middle 50% of matched applicants,Your number of experiences is in the middle 50% of matched applicants,Your number of experiences is in the middle 50% of matched applicants,Your number of experiences is in the middle 50% of matched applicants,Your number of experiences is in the middle 50% of matched applicants,Your number of experiences is in the middle 50% of matched applicants,Your number of experiences is in the middle 50% of matched applicants,-,Your number of experiences is in the middle 50% of matched applicants,Your number of experiences is in the middle 50% of matched applicants,Your number of experiences is in the middle 50% of matched applicants,Your number of experiences is in the middle 50% of matched applicants,Your number of experiences is in the middle 50% of matched applicants,Your number of experiences is in the middle 50% of matched applicants,Your number of experiences is in the middle 50% of matched applicants,Your number of experiences is in the middle 50% of matched applicants,-,Your number of experiences is in the middle 50% of matched applicants,-,Your number of experiences is in the middle 50% of matched applicants,Your number of experiences is in the middle 50% of matched applicants,Your number of experiences is in the middle 50% of matched applicants,Your number of experiences is in the middle 50% of matched applicants,Your number of experiences is in the middle 50% of matched applicants,Your number of experiences is in the middle 50% of matched applicants,Your number of experiences is in the middle 50% of matched applicants,Your number of experiences is in the middle 50% of matched applicants,Your number of experiences is in the middle 50% of matched applicants,Your number of experiences is in the middle 50% of matched applicants,Your number of experiences is in the middle 50% of matched applicants,Your number of experiences is in the middle 50% of matched applicants,Your number of experiences is in the middle 50% of matched applicants,Your number of experiences is in the middle 50% of matched applicants,Your number of experiences is in the middle 50% of matched applicants,Your number of experiences is in the middle 50% of matched applicants,-,-,-,Your number of experiences is in the middle 50% of matched applicants,Your number of experiences is in the middle 50% of matched applicants,Your number of experiences is in the middle 50% of matched applicants,Your number of experiences is in the middle 50% of matched applicants,Your number of experiences is in the middle 50% of matched applicants,Your number of experiences is in the middle 50% of matched applicants,-,Your number of experiences is in the middle 50% of matched applicants,Your number of experiences is in the middle 50% of matched applicants,Your number of experiences is in the middle 50% of matched applicants,-,-,-,Your number of experiences is in the middle 50% of matched applicants,Your number of experiences is in the middle 50% of matched applicants,Your number of experiences is in the middle 50% of matched applicants,Your number of experiences is in the middle 50% of matched applicants,Your number of experiences is in the middle 50% of matched applicants,Your number of experiences is in the middle 50% of matched applicants,Your number of experiences is in the middle 50% of matched applicants,Your number of experiences is in the middle 50% of matched applicants,Your number of experiences is in the middle 50% of matched applicants,Your number of experiences is in the middle 50% of matched applicants,-,Your number of experiences is in the middle 50% of matched applicants,Your number of experiences is in the middle 50% of matched applicants,Your number of experiences is in the middle 50% of matched applicants,Your number of experiences is in the middle 50% of matched applicants,-,Your number of experiences is in the middle 50% of matched applicants,Your number of experiences is in the middle 50% of matched applicants,Your number of experiences is in the middle 50% of matched applicants,Your number of experiences is in the middle 50% of matched applicants,Your number of experiences is in the middle 50% of matched applicants,Your number of experiences is in the middle 50% of matched applicants,Your number of experiences is in the middle 50% of matched applicants,Your number of experiences is in the middle 50% of matched applicants,Your number of experiences is in the middle 50% of matched applicants,-,Your number of experiences is in the middle 50% of matched applicants,Your number of experiences is in the middle 50% of matched applicants,Your number of experiences is in the middle 50% of matched applicants,Your number of experiences is in the middle 50% of matched applicants,Your number of experiences is in the middle 50% of matched applicants
Range of average USMLE Step 1 score of current residents,236-245,226-235,226-235,,226-235,210-225,,,,,,226-235,236-245,236-245,,,,Greater than 245,,226-235,226-235,,,,,226-235,,,210-225,210-225,210-225,210-225,226-235,226-235,236-245,226-235,226-235,,,226-235,236-245,210-225,,236-245,226-235,226-235,,,,,210-225,226-235,226-235,226-235,,,,,236-245,,236-245,,,210-225,,226-235,,236-245,,,236-245,226-235,236-245,226-235,226-235,,,226-235,236-245,226-235,,226-235,,236-245,,236-245,226-235,226-235,210-225,,,236-245,,,226-235,236-245,226-235,,226-235,226-235,,Greater than 245,226-235,226-235,226-235,226-235,226-235,226-235,226-235,,226-235,Greater than 245,,,,226-235,226-235,,,,226-235,210-225,,,226-235,,210-225,,,226-235,,Greater than 245,,210-225,210-225,,210-225,,226-235,,236-245,226-235,236-245,,,,,,236-245,,226-235,,226-235,,,,,236-245,
Range of average COMLEX Level 1 score of current residents,Greater than 600,,,Greater than 600,501-540,501-540,,,,,,,,501-540,,,,,,,541-600,541-600,,,,501-540,,,501-540,,,,,Greater than 600,541-600,Greater than 600,,,,,541-600,541-600,,541-600,Greater than 600,541-600,,,,,541-600,,,,,,,,Greater than 600,,Greater than 600,,,501-540,,541-600,,Greater than 600,501-540,,,,Greater than 600,,,,,,,541-600,,541-600,,,,,541-600,501-540,541-600,501-540,,,,,450-500,501-540,,,Greater than 600,,,,,,541-600,541-600,Greater than 600,541-600,,,Greater than 600,Greater than 600,541-600,,501-540,,Greater than 600,Greater than 600,,,Greater than 600,501-540,,,,541-600,501-540,,,Greater than 600,,,,541-600,,,501-540,,541-600,,,,501-540,,,,,,501-540,,,,541-600,,,,,Greater than 600,
Percentage of matched applicants who were members of Alpha Omega Alpha (at the time of application),14,1,6,4,,,,0,,2,0,1,2,2,11,15,26,43,13,3,0,0,0,,,0,0,,3,,,,,2,3,0,1,0,9,0,2,0,10,1,4,3,2,,0,0,0,10,,0,0,3,13,0,4,0,0,0,40,0,29,0,0,,,0,16,0,0,16,2,4,,,7,,0,8,0,3,,0,,0,0,0,0,0,,,0,,10,0,4,0,17,13,0,5,1,0,0,0,0,12,11,26,,,,4,8,2,0,0,4,,7,8,,,,,2,6,0,16,0,0,,2,,7,,0,24,2,,,7,0,8,10,2,18,0,8,3,,10,4,3,9,7
Percentage of matched applicants who were members of Gold Humanism Honor Society (at the time of application),3,3,6,0,,,,0,,0,0,0,2,3,3,1,3,5,2,2,2,0,0,,,3,0,,0,,,,,2,1,0,1,2,3,2,0,0,1,1,2,1,2,,1,0,0,4,,0,0,4,2,0,1,0,0,0,3,0,2,0,0,,,0,1,0,4,1,0,0,,,2,,0,4,0,3,,5,,2,0,2,3,0,,,0,,2,0,3,2,3,3,0,2,0,2,3,0,1,3,3,0,,,,3,3,2,4,0,0,,2,6,,,,,1,2,0,3,5,2,,0,,1,,0,3,4,,,2,3,2,5,0,1,7,4,3,,3,1,3,3,1
Percentage of matched applicants who were members of Sigma Sigma Phi (at the time of application),,,,,,,,,,,,,,,,,,,,,,,,,,,,,,,,,,,,,,,,,,,,,,,,,,,,,,,,,,,,,,,,,,,,,,,,,,,,,,,,,,,,,,,,,,,,,,,,,,,,,,,,,,,,,,,,,,,,,,,,,,,,,,,,,,,,,,,,,,,,,,,,,,,,,,,,,,,,,,,
Program consider applicants with J-1 visa?,No,Yes,Yes,Yes,No,Yes,,Yes,,,Yes,Yes,Yes,Yes,Yes,Yes,Yes,Yes,Yes,Yes,Yes,Yes,Yes,,Yes,Yes,Yes,Yes,No,Yes,Yes,Yes,Yes,Yes,Yes,Yes,Yes,Yes,Yes,Yes,Yes,Yes,,Yes,Yes,Yes,No,Yes,Yes,Yes,Yes,Yes,No,Yes,Yes,Yes,Yes,Yes,Yes,Yes,No,,Yes,Yes,Yes,Yes,Yes,No,No,Yes,Yes,Yes,Yes,Yes,Yes,Yes,No,No,Yes,Yes,Yes,Yes,,Yes,No,Yes,No,Yes,Yes,Yes,Yes,Yes,Yes,Yes,Yes,Yes,Yes,Yes,Yes,Yes,Yes,Yes,Yes,Yes,Yes,Yes,No,No,Yes,Yes,Yes,Yes,No,No,No,Yes,Yes,Yes,Yes,Yes,Yes,No,Yes,Yes,Yes,No,Yes,,Yes,Yes,Yes,Yes,Yes,Yes,Yes,Yes,No,No,Yes,Yes,Yes,Yes,Yes,,No,Yes,Yes,Yes,Yes,Yes,Yes,Yes,Yes,,Yes,Yes,Yes,Yes,Yes
Program consider applicants with H-1B visa?,Yes,No,Yes,Yes,No,No,,No,,,No,Yes,No,Yes,No,No,No,Yes,Yes,Yes,No,No,No,,No,No,Yes,No,No,,No,No,Yes,No,No,No,No,No,Yes,No,Yes,No,,Yes,No,Yes,No,No,No,No,No,No,No,No,No,No,No,No,Yes,No,No,,Yes,No,Yes,Yes,No,No,No,Yes,No,Yes,No,Yes,No,No,No,No,No,No,No,Yes,,No,No,No,No,No,Yes,No,No,Yes,,Yes,Yes,No,No,Yes,No,Yes,No,Yes,No,No,No,No,No,No,Yes,No,No,Yes,No,No,No,No,No,No,No,Yes,Yes,No,No,Yes,Yes,No,No,,No,Yes,Yes,Yes,Yes,No,,Yes,No,No,No,No,No,No,No,,No,No,No,No,No,No,No,No,No,,No,No,No,No,Yes
Program consider applicants with F-1 Visa (OPT 1st year)?,No,No,Yes,No,No,No,,No,,,No,No,No,No,Yes,No,No,No,No,Yes,No,No,No,,No,No,No,No,No,,No,No,Yes,No,No,No,No,,No,No,No,No,,,No,No,No,No,No,No,No,No,No,No,No,Yes,Yes,No,No,No,No,,Yes,No,Yes,Yes,No,No,No,Yes,No,Yes,No,Yes,No,No,No,No,No,No,No,No,,Yes,No,No,No,No,No,No,No,Yes,,No,Yes,No,No,Yes,No,No,No,Yes,No,No,No,No,No,No,Yes,No,No,Yes,No,No,No,No,No,No,No,No,Yes,No,No,,No,No,No,,No,Yes,No,Yes,No,No,,No,No,No,No,No,No,No,No,,No,No,No,No,No,No,No,No,No,,No,Yes,No,No,No
Average hours/week in year one that resident works (excluding beeper call),49,55,50,56,65,70,,60,,55,50,60,65,67,60,60,57,60,60,60,54,60,65,,50,50,60,55,61,60,80,50,55,70,60,50,60,65,60,62,62,75,,57,54,52,55,60,55,65,60,60,60,45,65,80,60,65,55,60,60,,60,59,64,62,70,50,50,60,46,70,65,50,65,60,60,55,60,70,60,60,,60,,55,75,64,65,65,70,55,55,,80,60,55,60,55,60,65,54,58,60,60,60,65,75,60,68,59,50,60,60,70,55,58,65,60,60,55,50,50,63,65,60,80,,65,65,60,55,58,55,65,60,60,65,70,58,65,55,55,,57,65,64,55,60,55,55,60,55,,52,66,55,65,65
Maximum consecutive hours resident is allowed to work in year one (excluding beeper call),16,24,27,24,24,16,,16,,24,24,16,24,16,24,24,16,16,16,28,24,24,16,,24,24,24,24,24,24,,24,19,16,24,16,24,16,24,24,24,16,,30,24,24,16,24,16,24,16,16,16,,16,16,24,24,24,24,24,,16,24,24,14,24,24,24,16,24,24,16,24,14,24,24,16,24,24,16,28,,24,,16,13,24,24,24,16,16,24,,24,16,27,24,12,16,16,24,12,24,24,24,16,16,16,16,24,24,24,12,,16,16,16,16,16,16,24,16,24,16,16,24,,24,24,24,24,24,24,16,24,16,16,24,16,24,24,14,,24,16,16,16,16,16,24,16,24,,24,28,24,24,24
Program allows residents (beyond PGY1) to moonlight?,Yes,Yes,Yes,No,Yes,No,No,Yes,No,No,No,Yes,Yes,Yes,Yes,No,Yes,No,Yes,Yes,Yes,No,Yes,No,No,Yes,No,No,No,Yes,No,Yes,Yes,Yes,Yes,No,Yes,Yes,Yes,Yes,No,No,No,Yes,Yes,No,No,Yes,Yes,Yes,Yes,Yes,Yes,No,Yes,Yes,Yes,No,Yes,No,No,No,Yes,No,Yes,Yes,Yes,Yes,No,No,Yes,Yes,Yes,Yes,Yes,No,Yes,Yes,Yes,No,No,Yes,No,Yes,No,No,No,No,Yes,No,No,Yes,No,No,No,No,Yes,No,Yes,No,Yes,Yes,No,Yes,Yes,No,Yes,No,Yes,Yes,Yes,Yes,Yes,Yes,Yes,Yes,Yes,Yes,No,Yes,Yes,Yes,Yes,Yes,Yes,No,No,No,Yes,No,Yes,Yes,Yes,Yes,No,Yes,No,Yes,No,Yes,Yes,Yes,Yes,No,Yes,Yes,Yes,Yes,Yes,No,No,Yes,Yes,No,No,Yes,Yes,Yes,Yes
% of training spent in year 1 in hospital outpatient clinics,8,0,8,10,15,8,,8,,,20,8,10,10,10,10,,15,,,,10,,,,,,,,30,,8,10,10,5,20,,,,20,20,10,,,,4,10,,5,10,,,20,,,8,,5,5,,10,,,,,,100,0,15,10,15,,5,5,,15,,,8,,10,,,8,,8,10,,,,5,,,,,,1,,8,,5,5,,,17,5,,4,,10,5,,5,,,,,10,,,8,,,,8,,8,,10,,,3,,,10,,8,25,,8,8,8,14,,,40,1,8,20,,,15,2,,9,0,,,10
% of training spent in year 1 in ambulatory nonhospital community-based settings,,0,,,,5,,,,,5,,0,5,0,,,,,,,,,,,,,,,30,,,,,,8,,,,,,,,,,,,15,,,,,,,,,,,,,,,,,,,0,25,15,,0,,,5,,,33,,,,,,,,,0,,,,,,,,,,,,,,,,5,,,15,5,,,,,,,0,,0,,,,,,,,,,,,0,,0,,,,,,,,0,,,,8,,1,,,,10,,,,,,,,,0,,,
"Average hours/week in year one of program spent in structured didactic activities (e.g., lectures, conferences)",6,4,5,2,5,4,,4,,0,4,999,3,8,5,3,4,10,4,3,4,3,5,,4,10,6,5,6,8,8,5,7,4,5,5,4,4,3,3,5,5,,4,3,2,4,,5,3,6,3,6,2,6,10,6,6,4,4,4,,12,3,3,5,3,5,4,3,4,6,4,6,4,3,10,3,5,5,4,3,,4,0,4,10,3,4,4,5,8,3,3,5,6,2,6,4,4,5,4,5,5,6,5,4,3,5,3,5,999,3,5,6,5,1,4,5,3,3,8,4,4,6,6,2,,4,,3,5,4,4,8,,8,2,3,5,3,4,5,,5,2,4,5,4,3,5,4,4,,5,5,4,4,4
Program curriculum includes a dedicated research rotation,OPT,OPT,OPT,OPT,NA,OPT,,OPT,,OPT,OPT,OPT,OPT,REQ,OPT,OPT,OPT,OPT,OPT,OPT,OPT,OPT,OPT,,OPT,NA,NA,NA,NA,NA,NA,OPT,OPT,OPT,OPT,OPT,OPT,OPT,OPT,OPT,OPT,REQ,,OPT,OPT,OPT,OPT,REQ,OPT,OPT,OPT,REQ,OPT,OPT,OPT,OPT,OPT,OPT,OPT,OPT,OPT,,OPT,OPT,OPT,OPT,OPT,OPT,OPT,OPT,REQ,OPT,OPT,OPT,OPT,OPT,OPT,OPT,OPT,REQ,OPT,OPT,,OPT,OPT,OPT,OPT,OPT,OPT,NA,OPT,REQ,NA,NA,NA,NA,OPT,OPT,OPT,OPT,OPT,OPT,OPT,OPT,OPT,OPT,REQ,OPT,OPT,OPT,OPT,OPT,OPT,OPT,NA,OPT,OPT,OPT,OPT,OPT,OPT,OPT,OPT,OPT,REQ,OPT,REQ,,OPT,REQ,OPT,OPT,REQ,OPT,OPT,REQ,NA,OPT,NA,OPT,OPT,OPT,OPT,,OPT,OPT,OPT,OPT,OPT,REQ,OPT,OPT,OPT,,OPT,OPT,OPT,OPT,OPT
Percentage of residents who were US MD graduates,94,72,,61,0,,,96,,94,92,97,97,93,99,97,100,100,90,91,28,74,96,,,35,,20,29,,,,,84,87,12,93,64,95,41,0,11,100,35,68,71,62,35,78,68,41,74,59,100,61,100,83,79,80,0,32,67,100,16,88,35,21,,,65,95,14,22,84,47,78,,59,89,43,35,80,,93,,71,42,73,13,0,42,60,,,36,,100,68,61,51,98,100,36,90,44,11,53,90,84,100,91,96,,,,82,61,56,38,,58,,88,98,33,,,,59,92,39,94,46,28,90,74,,80,,100,95,78,40,,92,64,78,96,63,88,83,100,68,,80,89,38,63,73
Percentage of residents who were US DO graduates,6,25,,5,93,,,0,,2,3,3,3,5,0,0,0,0,10,2,52,26,4,,,18,,50,24,,,,,12,3,15,0,27,5,35,9,28,0,31,17,20,38,53,19,32,14,0,35,0,22,0,8,0,4,61,3,0,0,31,3,46,14,,,35,5,25,51,7,16,15,,35,3,52,62,11,,4,,21,33,10,39,19,0,16,,,36,,0,11,16,19,0,0,45,3,37,39,32,10,2,0,9,2,,,,13,39,33,23,,33,,12,2,57,,,,35,6,57,6,21,44,0,5,,18,,0,5,22,10,,6,36,22,2,21,6,17,0,19,,20,8,38,35,15
Percentage of residents who were US-citizen IMGs,0,0,,32,7,,,4,,4,3,0,0,2,1,0,0,0,0,0,14,0,0,,,35,,30,47,,,,,3,6,44,3,3,0,12,68,22,0,33,11,0,0,12,3,0,21,15,6,0,11,0,2,21,2,28,58,8,0,19,0,4,50,,,0,0,11,19,2,16,4,,6,4,0,4,9,,4,,7,17,13,43,76,50,20,,,24,,0,11,14,12,2,0,9,6,11,43,16,0,7,0,0,0,,,,0,0,6,38,,1,,0,0,0,,,,2,0,0,0,17,22,10,16,,2,,0,0,0,50,,3,0,0,2,10,3,0,0,13,,0,1,25,2,8
Percentage of residents who were non-US-citizen IMGs,0,3,,2,0,,,0,,0,3,0,0,0,0,3,0,0,0,7,7,0,0,,,12,,0,0,,,,,0,4,29,3,6,0,12,23,39,0,2,4,10,0,0,0,0,24,12,0,0,6,0,7,0,15,11,6,25,0,34,9,15,14,,,0,0,50,8,7,21,4,,0,4,5,0,0,,0,,0,8,3,4,5,8,4,,,4,,0,9,8,19,0,0,9,0,7,7,0,0,7,0,0,2,,,,4,0,4,0,,7,,0,0,10,,,,4,1,5,0,17,6,0,5,,0,,0,0,0,0,,0,0,0,0,6,3,0,0,0,,0,2,0,0,3
Percentage of completed residents with non-academic U.S. practice career plans,29,58,40,26,22,,,40,,64,53,38,46,18,40,26,4,26,28,36,12,50,33,,17,33,,,,,,0,63,33,38,35,31,25,14,39,17,22,,11,77,52,50,50,26,71,75,5,13,0,91,4,12,,26,50,74,0,0,17,2,6,30,0,43,25,25,9,25,34,30,0,100,55,0,10,53,33,,36,,38,100,54,69,24,25,8,,,62,33,2,23,34,17,10,2,42,0,44,23,25,45,0,18,29,26,100,40,25,22,38,25,0,64,15,80,33,33,25,100,,,44,35,13,13,35,20,20,,,25,,33,25,29,13,,22,54,37,21,35,33,50,39,26,,20,15,60,48,23
Percentage of completed residents with plans to continue training in another program,63,38,60,74,78,,,60,,32,47,46,51,71,51,59,28,52,52,61,71,50,60,,33,50,,,,,,75,38,67,20,61,59,75,80,61,83,56,,80,19,48,44,0,44,12,25,70,0,40,9,85,88,,68,29,5,11,34,61,71,75,60,50,43,75,61,87,63,57,70,53,0,18,79,30,47,42,,50,,50,0,42,31,67,63,50,,,38,67,66,69,46,30,83,40,42,0,54,64,67,35,73,68,64,74,0,0,25,59,50,57,0,29,75,0,50,25,42,0,,,41,52,83,74,59,70,60,,,11,,47,63,53,88,,68,35,63,50,61,56,25,56,70,,40,43,30,52,63
Percentage of completed residents with plans to obtain a full-time or part-time academic position,5,4,0,0,0,,,0,,0,0,15,3,12,9,7,11,21,17,0,18,0,0,,33,0,,,,,,25,0,0,5,4,10,0,0,0,0,0,,3,4,0,6,0,26,12,0,0,13,60,0,4,0,,6,21,0,0,11,6,27,13,0,0,0,0,14,4,8,9,0,29,0,27,21,50,0,21,,14,,13,0,0,0,0,13,0,,,0,0,12,0,20,52,5,6,16,0,0,14,8,20,23,14,4,0,0,60,0,19,13,14,50,7,10,20,17,17,25,0,,,13,11,3,13,0,10,20,,,64,,20,9,18,0,,2,12,0,0,4,7,25,0,0,,7,9,10,0,9
Percentage of completed residents with other career plans,2,0,0,0,0,,,0,,4,0,0,0,0,0,8,57,0,3,3,0,0,7,,17,17,,,,,,0,0,0,38,0,0,0,6,0,0,22,,6,0,0,0,50,4,6,0,25,75,0,0,7,0,,0,0,21,89,55,17,0,6,10,50,14,0,0,0,4,0,0,18,0,0,0,10,0,4,,0,,0,0,4,0,10,0,42,,,0,0,20,8,0,0,3,52,0,100,3,0,0,0,3,0,4,0,0,0,50,0,0,4,50,0,0,0,0,25,8,0,,,3,2,0,0,6,0,0,,,0,,0,3,0,0,,7,0,0,29,0,4,0,6,4,,33,32,0,0,5
